09065672,http://www.stadtentwicklung.berlin.de/cgi-bin/hidaweb/getdoc.pl?DOK_TPL=lda_doc.tpl&KEY=obj%2009065672,"Asternplatz 1–4
Enzianstraße 1–5A
Hortensienstraße 12A–14, 27–29A
Tulpenstraße 5–6
Unter den Eichen 112A, 114–115
","Mietshäuser und S-Bahnhof Botanischer Garten
Gesamtanlage siehe: Hortensienstraße 28A–B
Baudenkmale siehe: Hortensienstraße 13; 28",Weitere Bestandteile des Ensembles:,52.448503,13.306156,""
09065677,http://www.stadtentwicklung.berlin.de/cgi-bin/hidaweb/getdoc.pl?DOK_TPL=lda_doc.tpl&KEY=obj%2009065677,"Augustaplatz 2, 3, 5
Augustastraße 12, 28–30
","Platzanlage, Villen und Mietshäuser
Baudenkmale siehe: Augustastraße 30
Gartendenkmal siehe: Augustaplatz",Weitere Bestandteile des Ensembles:,52.442773,13.307966,""
09065694,http://www.stadtentwicklung.berlin.de/cgi-bin/hidaweb/getdoc.pl?DOK_TPL=lda_doc.tpl&KEY=obj%2009065694,"Bahnhofstraße 17, 30, 31
",Wohnhäuser,Bestandteile des Ensembles:,52.432018,13.319531,""
09065701,http://www.stadtentwicklung.berlin.de/cgi-bin/hidaweb/getdoc.pl?DOK_TPL=lda_doc.tpl&KEY=obj%2009065701,"Baseler Straße 1–5
Curtiusstraße 4/10
Drakestraße 44–46
Hans-Sachs-Straße 4D–E
","Wohn- und Mietshäuser, Gaststätte
Gesamtanlage siehe: Hans-Sachs-Straße 4D–E
Baudenkmale siehe: Baseler Straße 2/4; 5; Curtiusstraße 10",Weitere Bestandteile des Ensembles:,52.443025,13.294041,""
09065708,http://www.stadtentwicklung.berlin.de/cgi-bin/hidaweb/getdoc.pl?DOK_TPL=lda_doc.tpl&KEY=obj%2009065708,"Baseler Straße 30/36
",Wohn- und Mietshäuser,Bestandteile des Ensembles:,52.439707,13.295103,""
09065712,http://www.stadtentwicklung.berlin.de/cgi-bin/hidaweb/getdoc.pl?DOK_TPL=lda_doc.tpl&KEY=obj%2009065712,"Baseler Straße 39, 40, 43–46, 49–50
Friedrichstraße 2, 15, 16
Kadettenweg 20/24, 27, 31–33, 35
Ringstraße 27–31, 68–73
","Wohnhäuser
Baudenkmale siehe: Baseler Straße 44; 50; Ringstraße 28; 68",Weitere Bestandteile des Ensembles:,52.437959,13.295774,""
09065728,http://www.stadtentwicklung.berlin.de/cgi-bin/hidaweb/getdoc.pl?DOK_TPL=lda_doc.tpl&KEY=obj%2009065728,"Boothstraße 15–16, 19–20A
",Wohnhäuser,Bestandteile des Ensembles:,52.434988,13.323465,""
09065741,http://www.stadtentwicklung.berlin.de/cgi-bin/hidaweb/getdoc.pl?DOK_TPL=lda_doc.tpl&KEY=obj%2009065741,"Drakestraße 10–11
",Wohnhäuser,Bestandteile des Ensembles:,52.435523,13.305569,""
09065744,http://www.stadtentwicklung.berlin.de/cgi-bin/hidaweb/getdoc.pl?DOK_TPL=lda_doc.tpl&KEY=obj%2009065744,"Drakestraße 16–20, 62, 64–65A, 67–68
Dürerstraße 20–24, 26–28A, Holbeinstraße 13, 63
","Miets- und Wohnhäuser
Baudenkmal siehe: Dürerstraße 27
Gartendenkmal siehe: Dürerstraße 28A",Weitere Bestandteile des Ensembles:,52.437286,13.303867,""
09065795,http://www.stadtentwicklung.berlin.de/cgi-bin/hidaweb/getdoc.pl?DOK_TPL=lda_doc.tpl&KEY=obj%2009065795,"Frauenstraße 2–3, 5–7
Morgensternstraße 6–8, Schillerstraße 14, 16–17, 26–28
","Wohn- und Mietshäuser
Baudenkmal siehe: Frauenstraße 6
Gartendenkmal siehe: Schillerstraße 14",Konstituierende Bestandteile des Ensembles:,52.427693,13.321093,""
09065806,http://www.stadtentwicklung.berlin.de/cgi-bin/hidaweb/getdoc.pl?DOK_TPL=lda_doc.tpl&KEY=obj%2009065806,"Gardeschützenweg 86/92, 96
",Mietshäuser,Bestandteile des Ensembles:,52.445977,13.303792,""
09065814,http://www.stadtentwicklung.berlin.de/cgi-bin/hidaweb/getdoc.pl?DOK_TPL=lda_doc.tpl&KEY=obj%2009065814,"Geibelstraße 5–7
Baudenkmale siehe: Geibelstraße 6; 7
",Wohnhäuser,Weiterer Bestandteil des Ensembles:,52.437703,13.288442,""
09065818,http://www.stadtentwicklung.berlin.de/cgi-bin/hidaweb/getdoc.pl?DOK_TPL=lda_doc.tpl&KEY=obj%2009065818,"Geibelstraße 10–12
","Wohnhäuser
Baudenkmal siehe: Geibelstraße 11",Weitere Bestandteile des Ensembles:,52.436815,13.28853_,""
09065827,http://www.stadtentwicklung.berlin.de/cgi-bin/hidaweb/getdoc.pl?DOK_TPL=lda_doc.tpl&KEY=obj%2009065827,"Goethestraße 7/11
Königsberger Straße 33, Ostpreußendamm 39–41
","Feuerwache, Progymnasium, Erweiterungsbauten Rathaus Lichterfelde",Bestandteile des Ensembles:,52.429646,13.316268,""
09065837,http://www.stadtentwicklung.berlin.de/cgi-bin/hidaweb/getdoc.pl?DOK_TPL=lda_doc.tpl&KEY=obj%2009065837,"Hartmannstraße 30, 32, 33
",Wohnhäuser,Bestandteile des Ensembles:,52.435878,13.324496,""
09065842,http://www.stadtentwicklung.berlin.de/cgi-bin/hidaweb/getdoc.pl?DOK_TPL=lda_doc.tpl&KEY=obj%2009065842,"Herwarthstraße 1, 2A, 3–6, 13–15
Königsberger Straße 23A–24
","Wohnhäuser
Baudenkmal siehe: Königsberger Straße 23A",Weitere Bestandteile des Ensembles:,52.431591,13.314242,""
09065853,http://www.stadtentwicklung.berlin.de/cgi-bin/hidaweb/getdoc.pl?DOK_TPL=lda_doc.tpl&KEY=obj%2009065853,"Hindenburgdamm 24–25, 28, 101–101A, 104–107
","Dorfkirche Lichterfelde, Pauluskirche mit Gemeindezentrum, Gutshaus, Schalthaus, Wohn- und Mietshäuser
Gesamtanlagen siehe: Hindenburgdamm 24–25; 101–101A
Baudenkmale siehe: Hindenburgdamm, Dorfanger, Dorfkirche; Pauluskirche; 28; 106",Weitere Bestandteile des Ensembles:,52.437886,13.315342,""
09065867,http://www.stadtentwicklung.berlin.de/cgi-bin/hidaweb/getdoc.pl?DOK_TPL=lda_doc.tpl&KEY=obj%2009065867,"Holbeinstraße 20, 55–56
","Mietshäuser
Baudenkmal siehe: Holbeinstraße 20",Weitere Bestandteile des Ensembles:,52.439582,13.305371,""
09065868,http://www.stadtentwicklung.berlin.de/cgi-bin/hidaweb/getdoc.pl?DOK_TPL=lda_doc.tpl&KEY=obj%2009065868,"Holbeinstraße 26, 50–51
Tietzenweg 82
","Wohnhäuser
Baudenkmal siehe: Holbeinstraße 26",Weitere Bestandteile des Ensembles:,52.440218,13.306841,""
09065909,http://www.stadtentwicklung.berlin.de/cgi-bin/hidaweb/getdoc.pl?DOK_TPL=lda_doc.tpl&KEY=obj%2009065909,"Kadettenweg 51, 53, 54/58
","Wohn- und Mietshäuser
Baudenkmal siehe: Kadettenweg 53",Weitere Bestandteile des Ensembles:,52.435828,13.298574,""
09065915,http://www.stadtentwicklung.berlin.de/cgi-bin/hidaweb/getdoc.pl?DOK_TPL=lda_doc.tpl&KEY=obj%2009065915,"Kadettenweg 63–66
Marthastraße 1
","Wohn- und Mietshäuser
Baudenkmale siehe: Kadettenweg 64; 65",Weitere Bestandteile des Ensembles:,52.435048,13.299207,""
09065927,http://www.stadtentwicklung.berlin.de/cgi-bin/hidaweb/getdoc.pl?DOK_TPL=lda_doc.tpl&KEY=obj%2009065927,"Kommandantenstraße 25, 27–27A
Steinäckerstraße 2–12, 14–34
",Wohnhäuser,Bestandteile des Ensembles:,52.433604,13.29007_,""
09065933,http://www.stadtentwicklung.berlin.de/cgi-bin/hidaweb/getdoc.pl?DOK_TPL=lda_doc.tpl&KEY=obj%2009065933,"Königsberger Straße 2–3B
","Einfamilienhäuser, Stallgebäude",Bestandteile des Ensembles:,52.429001,13.324276,""
09065947,http://www.stadtentwicklung.berlin.de/cgi-bin/hidaweb/getdoc.pl?DOK_TPL=lda_doc.tpl&KEY=obj%2009065947,"Krumme Straße 1–4, 6–7
Stockweg 19/21
",Mietshäuser,Bestandteile des Ensembles:,52.439046,13.312052,""
09065965,http://www.stadtentwicklung.berlin.de/cgi-bin/hidaweb/getdoc.pl?DOK_TPL=lda_doc.tpl&KEY=obj%2009065965,"Manteuffelstraße 7, 25–27A
","Mietshäuser
Baudenkmal siehe: Manteuffelstraße 25",Weitere Bestandteile des Ensembles:,52.445455,13.31015_,""
09065975,http://www.stadtentwicklung.berlin.de/cgi-bin/hidaweb/getdoc.pl?DOK_TPL=lda_doc.tpl&KEY=obj%2009065975,"Marthastraße 4–5
Potsdamer Straße 57, 57A
","Wohnhäuser
Baudenkmal siehe: Marthastraße 5",Weitere Bestandteile des Ensembles:,52.435813,13.301063,""
09065979,http://www.stadtentwicklung.berlin.de/cgi-bin/hidaweb/getdoc.pl?DOK_TPL=lda_doc.tpl&KEY=obj%2009065979,"Moltkestraße 22A–23
Augustastraße 32
Holbeinstraße 39B
","Wohn- und Mietshäuser
Baudenkmal siehe: Moltkestraße 23",Weitere Bestandteile des Ensembles:,52.44255_,13.311224_,""
09065985,http://www.stadtentwicklung.berlin.de/cgi-bin/hidaweb/getdoc.pl?DOK_TPL=lda_doc.tpl&KEY=obj%2009065985,"Moltkestraße 42
",Friedhof Lichterfelde,Bestandteile des Ensembles:,52.443949,13.310044,""
09065989,http://www.stadtentwicklung.berlin.de/cgi-bin/hidaweb/getdoc.pl?DOK_TPL=lda_doc.tpl&KEY=obj%2009065989,"Mommsenstraße 4A–5, 11
","Wohn- und Mietshäuser
Baudenkmal siehe: Mommsenstraße 11",Weitere Bestandteile des Ensembles:,52.442525,13.300098,""
09066002,http://www.stadtentwicklung.berlin.de/cgi-bin/hidaweb/getdoc.pl?DOK_TPL=lda_doc.tpl&KEY=obj%2009066002,"Oberhofer Platz 8, 9A
Auguststraße 1–2, 8, 18, 19
Ferdinandstraße 9–12, 20–24
Grabenstraße 1, 40–41
Heinersdorfer Straße 42
Jägerstraße 4–5, 9, 12–16A, 34/36
Lange Straße 21
Lorenzstraße 10–12, 14
Oberhofer Weg 16, 20
Parallelstraße 2, 11–13A, 18, 19, 21, 24, 25, 27
","Platzanlage mit Straßensystem, Miets- und Einfamilienhäuser
Gesamtanlage siehe: Lorenzstraße 10–11
Baudenkmale: Auguststraße 19; Ferdinandstraße 22A; Grabenstraße 40; Heinersdorfer Straße 42; Oberhofer Platz 8; Parallelstraße 21
Gartendenkmal siehe: Grabenstraße 40",Konstituierende Bestandteile des Ensembles:,52.423534,13.328362,""
09066010,http://www.stadtentwicklung.berlin.de/cgi-bin/hidaweb/getdoc.pl?DOK_TPL=lda_doc.tpl&KEY=obj%2009066010,"Ostpreußendamm 63–64, 131A
Osdorfer Straße
","Dorfkirche Giesensdorf, Schule, Gemeindehaus und Kindergarten
Baudenkmale siehe: Ostpreußendamm 64; 131A",Weiterer Bestandteil des Ensembles:,52.421532,13.310907,""
09066036,http://www.stadtentwicklung.berlin.de/cgi-bin/hidaweb/getdoc.pl?DOK_TPL=lda_doc.tpl&KEY=obj%2009066036,"Paulinenstraße 2–4A, 6–10, 24–30
Weddigenweg 16, 17
","Wohnhäuser
Gesamtanlage siehe: Paulinenstraße 24
Baudenkmal siehe: Paulinenstraße 8",Weitere Bestandteile des Ensembles:,52.435373,13.297298,""
09066060,http://www.stadtentwicklung.berlin.de/cgi-bin/hidaweb/getdoc.pl?DOK_TPL=lda_doc.tpl&KEY=obj%2009066060,"Potsdamer Straße 43–45
",Mietshäuser,Bestandteile des Ensembles:,52.439822,13.29677_,""
09066065,http://www.stadtentwicklung.berlin.de/cgi-bin/hidaweb/getdoc.pl?DOK_TPL=lda_doc.tpl&KEY=obj%2009066065,"Potsdamer Straße 63
Weddigenweg 8–9
",Wohnhäuser,Bestandteile des Ensembles:,52.434483,13.301588,""
09066089,http://www.stadtentwicklung.berlin.de/cgi-bin/hidaweb/getdoc.pl?DOK_TPL=lda_doc.tpl&KEY=obj%2009066089,"Ringstraße 83–84
",Mietshäuser,Bestandteile des Ensembles:,52.439759,13.301766,""
09066103,http://www.stadtentwicklung.berlin.de/cgi-bin/hidaweb/getdoc.pl?DOK_TPL=lda_doc.tpl&KEY=obj%2009066103,"Sophienstraße 2, 7–8
Viktoriastraße 3–5
","Wohn- und Mietshäuser
Baudenkmal siehe: Viktoriastraße 5",Bestandteile des Ensembles:,52.442923,13.302943,""
09066147,http://www.stadtentwicklung.berlin.de/cgi-bin/hidaweb/getdoc.pl?DOK_TPL=lda_doc.tpl&KEY=obj%2009066147,"Tietzenweg 129/133
",Mietshäuser,Bestandteile des Ensembles:,52.437255,13.313055,""
09066157,http://www.stadtentwicklung.berlin.de/cgi-bin/hidaweb/getdoc.pl?DOK_TPL=lda_doc.tpl&KEY=obj%2009066157,"Unter den Eichen 90–91
","Villen
Baudenkmal siehe: Unter den Eichen 91",Weiterer Bestandteil des Ensembles:,52.443972,13.290607,""
09065666,http://www.stadtentwicklung.berlin.de/cgi-bin/hidaweb/getdoc.pl?DOK_TPL=lda_doc.tpl&KEY=obj%2009065666,"Adolf-Martens-Straße 2–2A, 4/6A
",Reihenhäuser,1906–1908 von Hermann Buchholz,52.443478,13.29281_,""
09065671,http://www.stadtentwicklung.berlin.de/cgi-bin/hidaweb/getdoc.pl?DOK_TPL=lda_doc.tpl&KEY=obj%2009065671,"Am Stichkanal 10/22
",Werkssiedlung,1920–1922 von Albert Paeseler,52.415266,13.286706,""
09065683,http://www.stadtentwicklung.berlin.de/cgi-bin/hidaweb/getdoc.pl?DOK_TPL=lda_doc.tpl&KEY=obj%2009065683,"Augustastraße 25–26
",Doppelwohnhaus,1890–1891 von J. Kirchhoff und A. Friebus,52.441474,13.30516_,""
09065720,http://www.stadtentwicklung.berlin.de/cgi-bin/hidaweb/getdoc.pl?DOK_TPL=lda_doc.tpl&KEY=obj%2009065720,"Baseler Straße 59/61
",Doppelhaus,1901–1902 von Georg Böhme,52.436229,13.295844,""
09065723,http://www.stadtentwicklung.berlin.de/cgi-bin/hidaweb/getdoc.pl?DOK_TPL=lda_doc.tpl&KEY=obj%2009065723,"Bassermannweg 7B–11A
",Reihenhauszeile,1889–1891 von Richard Reinhold Hintz (siehe Gartendenkmal Bassermannweg 7B–11A),52.435786,13.325785,""
09065726,http://www.stadtentwicklung.berlin.de/cgi-bin/hidaweb/getdoc.pl?DOK_TPL=lda_doc.tpl&KEY=obj%2009065726,"Blanckertzweg 16–16C, 20–20F, 24–24G, 28–28I
Hildburghauser Straße 229/231D, 235/241G
","Finnenhaussiedlung, Reihenhaussiedlung",1958 von Fa. Puutalo,52.418522,13.316315,""
09065777,http://www.stadtentwicklung.berlin.de/cgi-bin/hidaweb/getdoc.pl?DOK_TPL=lda_doc.tpl&KEY=obj%2009065777,"Dürerstraße 33–34
Tietzenweg 101/113
",Gemeindeschule,1890–1894 von Wilhelm Gericke,52.438785,13.31015_,""
09065792,http://www.stadtentwicklung.berlin.de/cgi-bin/hidaweb/getdoc.pl?DOK_TPL=lda_doc.tpl&KEY=obj%2009065792,"Finckensteinallee 44/54
Kopernikusstraße 8–13, Potsdamer Straße 66–67
",Wohnanlage,1925–1928 von Paul Zimmerreimer,52.432872,13.301229,""
09065793,http://www.stadtentwicklung.berlin.de/cgi-bin/hidaweb/getdoc.pl?DOK_TPL=lda_doc.tpl&KEY=obj%2009065793,"Finckensteinallee 63
Baseler Straße 99/103
","Preußische Hauptkadettenanstalt mit Kadettenkaserne, Lazarett, Isolierhaus, Wirtschaftsgebäude","1871–1878 von Fleischinger, Voigtel und Bernhard, erweitert 1937–38 zur Kaserne der Waffen-SS, mit Torbauten, Wirtschaftsgebäude, Rüst- und Kleidermagazinen",52.431408,13.299169,""
09065794,http://www.stadtentwicklung.berlin.de/cgi-bin/hidaweb/getdoc.pl?DOK_TPL=lda_doc.tpl&KEY=obj%2009065794,"Finckensteinallee 89/97
Baseler Straße 102–106. Berner Straße 54–56
",Wohnanlage,"1908–1912 von Bender, Ismer und Endert",52.432178,13.293857,""
09065805,http://www.stadtentwicklung.berlin.de/cgi-bin/hidaweb/getdoc.pl?DOK_TPL=lda_doc.tpl&KEY=obj%2009065805,"Gardeschützenweg 17/21
",Kath. St.-Annen-Kirche und Pfarrhaus,1935–1937 von Carl Anton Meckel und Siegfried Lukowski,52.448592,13.313148,""
09065812,http://www.stadtentwicklung.berlin.de/cgi-bin/hidaweb/getdoc.pl?DOK_TPL=lda_doc.tpl&KEY=obj%2009065812,"Gardeschützenweg 71/101
Augustaplatz 7. Tietzenweg 29/43. Viktoriastraße 10
",Kaserne des Garde-Schützen-Bataillons,"1881–1884 von Brun, Ernst August Rossteuscher, Schönhals, Verworn, mit Hauptgebäude, (Haus 801); westl. (Haus 802) und östl. Qohngebäude (Haus 811); Büchsenmacherei (Haus 819); Feldfahrzeugschuppen (Haus 804), mit Krankenstall von 1907 und KFZ-Halle von 1937; Einfriedung; zwei Pumpen; Turnschuppen (Haus 805), mit Reithalle von 1902; Wohnkaserne (Haus 817), für Garde-Maschinengewehr-Abteilung von 1911 bis 1912, mit Anbau für die Radfahr-Kompagnie von 1913 bis 1915; Heeres-Feuerwerkerschule (Haus 810) von 1930 bis 1931, erweitert 1936, mit Feuerwerkerdenkmal, 1925; Wirtschaftsgebäude (Haus 803), um 1935; Unterrichtsgebäude (Haus 812), von 1933 bis 1935 mit Gerätehalle; Werkstättengebäude (Haus 813), von 1936; Mannschaftsgebäude, (Haus 809), um 1935; Erweiterung der Heeresfeuerwerkerschule: Mannschaftshäuser (Haus 11 und 14), 1936; Villa (Haus 13), 1893/1894 von C. Vohl, Umbau 1936 zum „Geschäftszimmerhaus“; Villa (Haus 12), 1897 von L. Deumig, 1936–1937 Umbau zum Offizierskasino",52.444722,13.305484,""
09065822,http://www.stadtentwicklung.berlin.de/cgi-bin/hidaweb/getdoc.pl?DOK_TPL=lda_doc.tpl&KEY=obj%2009065822,"Geranienstraße 11–14
Hortensienplatz 1–3, Hortensienstraße 1–4, Nelkenstraße 1–7, Tulpenstraße 17–19
",Wohnanlage,1924–1926 von Otto Rudolf Salvisberg,52.450585,13.311213,""
09065824,http://www.stadtentwicklung.berlin.de/cgi-bin/hidaweb/getdoc.pl?DOK_TPL=lda_doc.tpl&KEY=obj%2009065824,"Goerzallee 188/190, 218/220
Billy-Wilder-Promenade 11/23, 31/49, 32/46
Harry-S.-Truman-Allee 3–3A, 23/29
Platz des 4. Juli 2/26
",Telefunken-Werke (heute Lesley Lofts),1937–1940 von Hans Hertlein,52.419911,13.285955,""
09065835,http://www.stadtentwicklung.berlin.de/cgi-bin/hidaweb/getdoc.pl?DOK_TPL=lda_doc.tpl&KEY=obj%2009065835,"Hans-Sachs-Straße 4D-E
Knesebeckstraße
",S-Bahnhof Lichterfelde-West mit Empfangsgebäude,1872 (siehe Ensemble Baseler Straße 1–5),52.443144,13.293273,""
09065852,http://www.stadtentwicklung.berlin.de/cgi-bin/hidaweb/getdoc.pl?DOK_TPL=lda_doc.tpl&KEY=obj%2009065852,"Hindenburgdamm 5A-6
",Solbad Lichterfelde,1892 von M. Ewatz,52.432724,13.311664,""
09065858,http://www.stadtentwicklung.berlin.de/cgi-bin/hidaweb/getdoc.pl?DOK_TPL=lda_doc.tpl&KEY=obj%2009065858,"Hindenburgdamm 24–25
",Doppelmietshaus,1873 von Albert Biebendt (siehe Ensemble Hindenburgdamm 24–25…),52.4373_N,.315714_E,""
09065347,http://www.stadtentwicklung.berlin.de/cgi-bin/hidaweb/getdoc.pl?DOK_TPL=lda_doc.tpl&KEY=obj%2009065347,"Hindenburgdamm 30
",Klinikum Steglitz der Freien Universität,1961–1968 von Curtis & Davis und Franz Mocken,52.441074,13.316796,""
09065861,http://www.stadtentwicklung.berlin.de/cgi-bin/hidaweb/getdoc.pl?DOK_TPL=lda_doc.tpl&KEY=obj%2009065861,"Hindenburgdamm 101–101A
",Paulus-Gemeindezentrum,1929–1930 von Heinrich Schmieden und Martin Kremmer (siehe Ensemble Hindenburgdamm 24–25…),52.438962,13.315032,""
09065866,http://www.stadtentwicklung.berlin.de/cgi-bin/hidaweb/getdoc.pl?DOK_TPL=lda_doc.tpl&KEY=obj%2009065866,"Hindenburgdamm 127–128
",Mietshäuser,1902–1903 von Walter Eichelkraut,52.434272,13.311811,""
09065869,http://www.stadtentwicklung.berlin.de/cgi-bin/hidaweb/getdoc.pl?DOK_TPL=lda_doc.tpl&KEY=obj%2009065869,"Holbeinstraße 30A
Memlingstraße 12
",Doppelwohnhaus,1901–1902 von Friedrich Simon,52.440896,13.309501,""
09065882,http://www.stadtentwicklung.berlin.de/cgi-bin/hidaweb/getdoc.pl?DOK_TPL=lda_doc.tpl&KEY=obj%2009065882,"Hortensienstraße 18
Tulpenstraße 1
",Ev. Martin-Luther-Kirche und Pfarrhaus,1930–1936 von Martin Kremmer und Fritz Schupp,52.447416,13.302492,""
09065884,http://www.stadtentwicklung.berlin.de/cgi-bin/hidaweb/getdoc.pl?DOK_TPL=lda_doc.tpl&KEY=obj%2009065884,"Hortensienstraße 22–26
",Reihenhausanlage,1925–1926 von Mebes & Emmerich,52.447382,13.304462,""
09065887,http://www.stadtentwicklung.berlin.de/cgi-bin/hidaweb/getdoc.pl?DOK_TPL=lda_doc.tpl&KEY=obj%2009065887,"Hortensienstraße 28A-B
Enzianstraße
","S-Bahnhof Botanischer Garten, Empfangsgebäude und Wohnhaus",1908–09 von Erdmann & Spindler (siehe Ensemble Asternplatz 1–4),52.44807_,13.307401_,""
09065889,http://www.stadtentwicklung.berlin.de/cgi-bin/hidaweb/getdoc.pl?DOK_TPL=lda_doc.tpl&KEY=obj%2009065889,"Hortensienstraße 34–63
",Reihenhausanlage,1924–1925 von Otto Rudolf Salvisberg,52.449004,13.309012,""
09065924,http://www.stadtentwicklung.berlin.de/cgi-bin/hidaweb/getdoc.pl?DOK_TPL=lda_doc.tpl&KEY=obj%2009065924,"Köhlerstraße 5–6, 8–9
",Mietshausanlage,1873–1874 von Helling,52.439651,13.29094_,""
09065930,http://www.stadtentwicklung.berlin.de/cgi-bin/hidaweb/getdoc.pl?DOK_TPL=lda_doc.tpl&KEY=obj%2009065930,"Kommandantenstraße 83–84
",4. Gemeindeschule Lichterfelde,"1899, 1902, 1909 und 1913 von Richard Tietzen",52.433636,13.293559,""
09065932,http://www.stadtentwicklung.berlin.de/cgi-bin/hidaweb/getdoc.pl?DOK_TPL=lda_doc.tpl&KEY=obj%2009065932,"Königin-Luise-Platz
Altensteinstraße 2/6, Königin-Luise-Straße 6/8, Unter den Eichen 5–10, Willdenowstraße
",Botanischer Garten,"Eingangsbauten, Botanisches Museum, Pflanzenschauhäuser, Direktorenwohnhaus, Inspektorwohnhaus, Bürogebäude, Wirtschaftshofgebäude 1 und 2, Wasserturm, Pavillonbauten, 1898–1902 von Alfred Koerner (siehe Gartendenkmal Königin-Luise-Platz)",52.45444_,13.305608_,""
09065946,http://www.stadtentwicklung.berlin.de/cgi-bin/hidaweb/getdoc.pl?DOK_TPL=lda_doc.tpl&KEY=obj%2009065946,"Kornmesserstraße 2–3
",Kath. Kirche zur Heiligen Familie mit Pfarr- und Gemeindehaus,1902–1906 von Christoph Hehl,52.430266,13.304712,""
09075167,http://www.stadtentwicklung.berlin.de/cgi-bin/hidaweb/getdoc.pl?DOK_TPL=lda_doc.tpl&KEY=obj%2009075167,"Kranoldplatz 3
",Stellwerk Lio mit Laden,"1915–1916 von Karl Cornelius und Lücking; Toilettengebäude, 1913–15 von Tietzen und Unterführung Königsberger Straße von der Kgl. Eisenbahn-Bauabteilung",52.427913,13.326315,""
09065957,http://www.stadtentwicklung.berlin.de/cgi-bin/hidaweb/getdoc.pl?DOK_TPL=lda_doc.tpl&KEY=obj%2009065957,"Lilienstraße 3–6
Hortensienplatz 4–6, Hortensienstraße 5–8, Tulpenstraße 8–16
",Wohnanlage,1927–1928 von Hans Kraffert,52.449525,13.308016,""
09065959,http://www.stadtentwicklung.berlin.de/cgi-bin/hidaweb/getdoc.pl?DOK_TPL=lda_doc.tpl&KEY=obj%2009065959,"Lorenzstraße 10–11
",DoppelMietshaus,"1901–1903 von Herold (siehe Ensemble Oberhofer Platz 8, 9A)",52.425924,13.331396,""
09065963,http://www.stadtentwicklung.berlin.de/cgi-bin/hidaweb/getdoc.pl?DOK_TPL=lda_doc.tpl&KEY=obj%2009065963,"Margaretenstraße 21–32A
Tietzenweg 2/6, Unter den Eichen 102–107
",Wohnanlage,1925–1926 von Bruno Langkeit,52.446636,13.298581,""
09065994,http://www.stadtentwicklung.berlin.de/cgi-bin/hidaweb/getdoc.pl?DOK_TPL=lda_doc.tpl&KEY=obj%2009065994,"Morgensternstraße 4
","Frauenheim, Seniorenheim, Häuser I, II und III, 1875–1929 von H.","Mertens, Gebr. Schmidt, Bruno Jautschus, Umbauten 1926, 1953, 1956",52.42775_,13.322982_,""
09066008,http://www.stadtentwicklung.berlin.de/cgi-bin/hidaweb/getdoc.pl?DOK_TPL=lda_doc.tpl&KEY=obj%2009066008,"Ostpreußendamm 3–17
",Stadion Lichterfelde,1926–1929 von Fritz Freymueller,52.439015,13.323989,""
09066059,http://www.stadtentwicklung.berlin.de/cgi-bin/hidaweb/getdoc.pl?DOK_TPL=lda_doc.tpl&KEY=obj%2009066059,"Patschkauer Weg 1A–35
",Siedlung,1890–1893 von Wohlgemuth,52.448377,13.297043,""
09066046,http://www.stadtentwicklung.berlin.de/cgi-bin/hidaweb/getdoc.pl?DOK_TPL=lda_doc.tpl&KEY=obj%2009066046,"Paulinenstraße 24
Weddigenweg 17
",Doppelwohnhaus,1894–1895 von Gustav Lilienthal (siehe Ensemble Paulinenstraße 2–4A...),52.43457_,13.297645_,""
09066072,http://www.stadtentwicklung.berlin.de/cgi-bin/hidaweb/getdoc.pl?DOK_TPL=lda_doc.tpl&KEY=obj%2009066072,"Prinzenstraße 1–2
",Zweifamilienhaus,1891–1892 von Julius Assmann,52.426156,13.320716,""
09066073,http://www.stadtentwicklung.berlin.de/cgi-bin/hidaweb/getdoc.pl?DOK_TPL=lda_doc.tpl&KEY=obj%2009066073,"Ringstraße 9
Söhtstraße 7–7A
",Amtsgericht und Gefängnis,"1902–1906 von Rudolf Mönnich, Walter Sarkur und Paul Thoemer",52.437592,13.30821_,""
09066096,http://www.stadtentwicklung.berlin.de/cgi-bin/hidaweb/getdoc.pl?DOK_TPL=lda_doc.tpl&KEY=obj%2009066096,"Salzunger Pfad 1–37
Am Pfarracker 12–21, Am Pfuhl 30/32, Hasselfelder Weg 3/11
",Wohnanlage,1929–1930,52.420693,13.321323,""
09066161,http://www.stadtentwicklung.berlin.de/cgi-bin/hidaweb/getdoc.pl?DOK_TPL=lda_doc.tpl&KEY=obj%2009066161,"Walter-Linse-Straße 12–13
",Mietshausgruppe,"1909–1910 von Ludwig Otte, Alfons Balder",52.436218,13.306834,""
09066164,http://www.stadtentwicklung.berlin.de/cgi-bin/hidaweb/getdoc.pl?DOK_TPL=lda_doc.tpl&KEY=obj%2009066164,"Wiesenweg 5–6
",Pumpwerk mit Maschinenhalle und Beamtenhaus,"vor 1895, Umbauten 1912–1913 und 1924, Beamtenhauserweiterung 1927",52.441386,13.327442,""
09065667,http://www.stadtentwicklung.berlin.de/cgi-bin/hidaweb/getdoc.pl?DOK_TPL=lda_doc.tpl&KEY=obj%2009065667,"Adolf-Martens-Straße 14
",Mietshaus,1910–1911 von Bruno Taut und Franz Hoffmann,52.442783,13.290729,""
09012518,http://www.stadtentwicklung.berlin.de/cgi-bin/hidaweb/getdoc.pl?DOK_TPL=lda_doc.tpl&KEY=obj%2009012518,"Altensteinstraße 44B
Patschkauer Weg 43
","Haus Gährs, Doppelhaus",1925–1926 von Buch,52.450087,13.295488,""
09065668,http://www.stadtentwicklung.berlin.de/cgi-bin/hidaweb/getdoc.pl?DOK_TPL=lda_doc.tpl&KEY=obj%2009065668,"Altensteinstraße 66
",Haus Möller,1920–1921 von Heinrich Möller,52.446832,13.293625,""
09065669,http://www.stadtentwicklung.berlin.de/cgi-bin/hidaweb/getdoc.pl?DOK_TPL=lda_doc.tpl&KEY=obj%2009065669,"Am Karpfenpfuhl 2B
","Haus Klingenberg, Einzelwohnhaus","1921–1922 von Waltar Klingenberg, Anbau 1926–1927",52.431336,13.284854,""
09065670,http://www.stadtentwicklung.berlin.de/cgi-bin/hidaweb/getdoc.pl?DOK_TPL=lda_doc.tpl&KEY=obj%2009065670,"Am Karpfenpfuhl 4
","Haus Issel, Einzelwohnhaus","1921–1922 von Werner Issel, Erweiterungen 1924–1927",52.431232,13.284431,""
09065682,http://www.stadtentwicklung.berlin.de/cgi-bin/hidaweb/getdoc.pl?DOK_TPL=lda_doc.tpl&KEY=obj%2009065682,"Augustastraße 23
",Wohnhaus,1921 von Heinrich Straumer,52.441047,13.303845,""
09065687,http://www.stadtentwicklung.berlin.de/cgi-bin/hidaweb/getdoc.pl?DOK_TPL=lda_doc.tpl&KEY=obj%2009065687,"Augustastraße 30
",Wohnhaus,1902 von Georg Böhme (siehe Ensemble Augustaplatz 2…),52.442556,13.309849,""
09065691,http://www.stadtentwicklung.berlin.de/cgi-bin/hidaweb/getdoc.pl?DOK_TPL=lda_doc.tpl&KEY=obj%2009065691,"Auguststraße 19
",Einfamilienhaus,1885–1886 von Adolph Born (siehe Ensemble Oberhofer Platz 8...),52.424761,13.326288,""
09097301,http://www.stadtentwicklung.berlin.de/cgi-bin/hidaweb/getdoc.pl?DOK_TPL=lda_doc.tpl&KEY=obj%2009097301,"Bäkestraße 14A
Eduard-Spranger-Promenade
",Lilienthal-Denkmal,"1914 von Peter Breuer, Veränderungen 1956 mit Bronzerelief von Magdalena Müller-Martin (siehe Gartendenkmal Eduard-Spranger-Promenade)",52.433637,13.316504,""
09065692,http://www.stadtentwicklung.berlin.de/cgi-bin/hidaweb/getdoc.pl?DOK_TPL=lda_doc.tpl&KEY=obj%2009065692,"Bahnhofstraße
Lankwitzer Straße
",S-Bahnhof Lichterfelde Ost mit Fußgängerunterführung,1912–1915 von Karl Cornelius und Alfred Lücking,52.430022,13.328524,""
09065693,http://www.stadtentwicklung.berlin.de/cgi-bin/hidaweb/getdoc.pl?DOK_TPL=lda_doc.tpl&KEY=obj%2009065693,"Bahnhofstraße 11A
",Haus Breuninger,1935 von Simon & Hoppe,52.431393,13.322655,""
09065698,http://www.stadtentwicklung.berlin.de/cgi-bin/hidaweb/getdoc.pl?DOK_TPL=lda_doc.tpl&KEY=obj%2009065698,"Bahnhofstraße 35
","Haus Schroeder, Villa",1883 von Wilhelm Hintze,52.431197,13.321586,""
09065699,http://www.stadtentwicklung.berlin.de/cgi-bin/hidaweb/getdoc.pl?DOK_TPL=lda_doc.tpl&KEY=obj%2009065699,"Bahnhofstraße 37A
",Einfamilienhaus,1894–1895 von Adolph Born,52.430667,13.32316_,""
09065700,http://www.stadtentwicklung.berlin.de/cgi-bin/hidaweb/getdoc.pl?DOK_TPL=lda_doc.tpl&KEY=obj%2009065700,"Bahnhofstraße 38B
",Villa,1872 von P. von Benhorn,52.430399,13.323813,""
09065704,http://www.stadtentwicklung.berlin.de/cgi-bin/hidaweb/getdoc.pl?DOK_TPL=lda_doc.tpl&KEY=obj%2009065704,"Baseler Straße 2/4
Curtiusstraße 8
","Westbazar, Wohn- und Geschäftshaus",1897 von Georg Böhme (siehe Ensemble Baseler Straße 1–5),52.442753,13.294863,""
09065705,http://www.stadtentwicklung.berlin.de/cgi-bin/hidaweb/getdoc.pl?DOK_TPL=lda_doc.tpl&KEY=obj%2009065705,"Baseler Straße 5
Curtiusstraße 6
","Emisch-Haus, Wohn- und Geschäftshaus",1892–1895 von Willy Sander (siehe Ensemble Baseler Straße 1–5),52.442823,13.295689,""
09065706,http://www.stadtentwicklung.berlin.de/cgi-bin/hidaweb/getdoc.pl?DOK_TPL=lda_doc.tpl&KEY=obj%2009065706,"Baseler Straße 19
",Wohnhaus,1894–1895 von H. Mertens,52.441433,13.295991,""
09065707,http://www.stadtentwicklung.berlin.de/cgi-bin/hidaweb/getdoc.pl?DOK_TPL=lda_doc.tpl&KEY=obj%2009065707,"Baseler Straße 23
Potsdamer Straße 38
",Eckeinfriedung,1885 von Max Nagel,52.440927,13.295839,""
09065716,http://www.stadtentwicklung.berlin.de/cgi-bin/hidaweb/getdoc.pl?DOK_TPL=lda_doc.tpl&KEY=obj%2009065716,"Baseler Straße 44
Friedrichstraße, Kadettenweg
",Mietshaus,1897–1898 von Emil Schwerdtfeger (siehe Ensemble Baseler Straße 39…),52.438507,13.29507_,""
09065719,http://www.stadtentwicklung.berlin.de/cgi-bin/hidaweb/getdoc.pl?DOK_TPL=lda_doc.tpl&KEY=obj%2009065719,"Baseler Straße 50
Ringstraße 70A
",Mietshaus,1904 von Ferdinand Stabernack (siehe Ensemble Baseler Straße 39…),52.437344,13.294975,""
09065721,http://www.stadtentwicklung.berlin.de/cgi-bin/hidaweb/getdoc.pl?DOK_TPL=lda_doc.tpl&KEY=obj%2009065721,"Baseler Straße 89
",Wohnhaus,1921 von Albert Paeseler,52.433523,13.295421,""
09065722,http://www.stadtentwicklung.berlin.de/cgi-bin/hidaweb/getdoc.pl?DOK_TPL=lda_doc.tpl&KEY=obj%2009065722,"Baseler Straße 108
",Beamtenwohnhaus der Kadettenanstalt,um 1875 von der Bauabteilung des Kriegsministeriums,52.431499,13.294426,""
09065724,http://www.stadtentwicklung.berlin.de/cgi-bin/hidaweb/getdoc.pl?DOK_TPL=lda_doc.tpl&KEY=obj%2009065724,"Bassermannweg 14A
",Wohnhaus,1883–1884 von Gustav Junghahn,52.435262,13.325537,""
09065727,http://www.stadtentwicklung.berlin.de/cgi-bin/hidaweb/getdoc.pl?DOK_TPL=lda_doc.tpl&KEY=obj%2009065727,"Boothstraße 2
",Wohnhaus,1875–1876 von Basedow (?),52.433725,13.328215,""
09065734,http://www.stadtentwicklung.berlin.de/cgi-bin/hidaweb/getdoc.pl?DOK_TPL=lda_doc.tpl&KEY=obj%2009065734,"Boothstraße 22
",Wohnhaus,1893–1894 von P. Engel,52.434311,13.324554,""
09065735,http://www.stadtentwicklung.berlin.de/cgi-bin/hidaweb/getdoc.pl?DOK_TPL=lda_doc.tpl&KEY=obj%2009065735,"Brahmsstraße 8
",Wohnhaus,1925–26 von Paul Stephanowitz,52.447146,13.319203,""
09065736,http://www.stadtentwicklung.berlin.de/cgi-bin/hidaweb/getdoc.pl?DOK_TPL=lda_doc.tpl&KEY=obj%2009065736,"Carstennstraße 58
Murtener Straße
",Berliner Homöopathisches Krankenhaus,1903–1904 von Theodor Thöns,52.430054,13.289845,""
09065738,http://www.stadtentwicklung.berlin.de/cgi-bin/hidaweb/getdoc.pl?DOK_TPL=lda_doc.tpl&KEY=obj%2009065738,"Curtiusstraße 10
","Villa Holzhüter, Wohnhaus",1875 von P. Fingerling (siehe Ensemble Baseler Straße 1–5),52.442467,13.294512,""
09065739,http://www.stadtentwicklung.berlin.de/cgi-bin/hidaweb/getdoc.pl?DOK_TPL=lda_doc.tpl&KEY=obj%2009065739,"Curtiusstraße 77
",Fertighaus,1932 von der Deutschen Kupferhaus GmbH (Gropius?),52.438454,13.283437,""
09065740,http://www.stadtentwicklung.berlin.de/cgi-bin/hidaweb/getdoc.pl?DOK_TPL=lda_doc.tpl&KEY=obj%2009065740,"Curtiusstraße 101
Lotzestraße 3
",Wohnhaus,1925–1926 von Theodor Merrill (siehe Gartendenkmal Curtiusstraße 101),52.436408,13.2823_E,""
09065752,http://www.stadtentwicklung.berlin.de/cgi-bin/hidaweb/getdoc.pl?DOK_TPL=lda_doc.tpl&KEY=obj%2009065752,"Drakestraße 23
",Wohnhaus,1895 von Ludwig Otte,52.439457,13.301043,""
09065753,http://www.stadtentwicklung.berlin.de/cgi-bin/hidaweb/getdoc.pl?DOK_TPL=lda_doc.tpl&KEY=obj%2009065753,"Drakestraße 35–35A
Margaretenstraße 1
",Büro- und Ladengebäude,1930–1936 von Fritz Hambrock,52.444445,13.295662,""
09065757,http://www.stadtentwicklung.berlin.de/cgi-bin/hidaweb/getdoc.pl?DOK_TPL=lda_doc.tpl&KEY=obj%2009065757,"Drakestraße 51
",Villa Stangen,1898 von Ludwig Otte,52.441447,13.297842,""
09065765,http://www.stadtentwicklung.berlin.de/cgi-bin/hidaweb/getdoc.pl?DOK_TPL=lda_doc.tpl&KEY=obj%2009065765,"Drakestraße 70
",Villa Kuthe,1903–1904 von Arnold Kuthe,52.435699,13.30409_,""
09065766,http://www.stadtentwicklung.berlin.de/cgi-bin/hidaweb/getdoc.pl?DOK_TPL=lda_doc.tpl&KEY=obj%2009065766,"Drakestraße 72–75
Weddigenweg 1–4
",Realgymnasium Lichterfelde (Goethe-Oberschule),"1909–1912 von Julius Ammer und Richard Tietzen, Umbau 1951",52.434599,13.305432,""
09065774,http://www.stadtentwicklung.berlin.de/cgi-bin/hidaweb/getdoc.pl?DOK_TPL=lda_doc.tpl&KEY=obj%2009065774,"Dürerstraße 27
",Wohnhaus und Schule,1893 von Julius Vogler (siehe Ensemble Drakestraße 16–20...),52.437202,13.30574_,""
09065781,http://www.stadtentwicklung.berlin.de/cgi-bin/hidaweb/getdoc.pl?DOK_TPL=lda_doc.tpl&KEY=obj%2009065781,"Ferdinandstraße 4
",Einfamilienhaus,1886–1887 von H. Mertens,52.42704_,13.328384_,""
09065789,http://www.stadtentwicklung.berlin.de/cgi-bin/hidaweb/getdoc.pl?DOK_TPL=lda_doc.tpl&KEY=obj%2009065789,"Ferdinandstraße 22A
",Mietshaus,1901–1903 von Herold (siehe Ensemble Oberhofer Platz 8…),52.425765,13.330796,""
09065800,http://www.stadtentwicklung.berlin.de/cgi-bin/hidaweb/getdoc.pl?DOK_TPL=lda_doc.tpl&KEY=obj%2009065800,"Frauenstraße 6
",Villa Andresen,1906–1907 von Sepp Kaiser ; mit Vorgarteneinfriedung (siehe Ensemble Frauenstraße 2–3…),52.427918,13.321843,""
09065801,http://www.stadtentwicklung.berlin.de/cgi-bin/hidaweb/getdoc.pl?DOK_TPL=lda_doc.tpl&KEY=obj%2009065801,"Freiwaldauer Weg 32
",Wohnhaus H. Müller,1925–1926 von Hans Heinrich Müller,52.436308,13.287686,""
09065813,http://www.stadtentwicklung.berlin.de/cgi-bin/hidaweb/getdoc.pl?DOK_TPL=lda_doc.tpl&KEY=obj%2009065813,"Gärtnerstraße 12
",Villa,1886–1887 von Richard Reinhold Hintz,52.434881,13.329223,""
09065816,http://www.stadtentwicklung.berlin.de/cgi-bin/hidaweb/getdoc.pl?DOK_TPL=lda_doc.tpl&KEY=obj%2009065816,"Geibelstraße 6
",Villa,1899–1900 von Wilhelm Schrader (siehe Ensemble Geibelstraße 5–7),52.437712,13.288635,""
09065817,http://www.stadtentwicklung.berlin.de/cgi-bin/hidaweb/getdoc.pl?DOK_TPL=lda_doc.tpl&KEY=obj%2009065817,"Geibelstraße 7
",Villa,1900 von Georg Böhme und Hugo Röthing (Fassade) (siehe Ensemble Geibelstraße 5–7),52.437521,13.288629,""
09065820,http://www.stadtentwicklung.berlin.de/cgi-bin/hidaweb/getdoc.pl?DOK_TPL=lda_doc.tpl&KEY=obj%2009065820,"Geibelstraße 11
",Wohnhaus,1904–1905 von Albert Belling (siehe Ensemble Geibelstraße 1012),52.436811,13.288719,""
09065823,http://www.stadtentwicklung.berlin.de/cgi-bin/hidaweb/getdoc.pl?DOK_TPL=lda_doc.tpl&KEY=obj%2009065823,"Goerzallee 5
",Wohnhaus mit Atelier,1913–1914 von C. Weber,52.430556,13.309256,""
09065825,http://www.stadtentwicklung.berlin.de/cgi-bin/hidaweb/getdoc.pl?DOK_TPL=lda_doc.tpl&KEY=obj%2009065825,"Goerzallee 299/301
",Fabrikgebäude,1915–1917 von E. Emsters,52.412212,13.277987,""
09065826,http://www.stadtentwicklung.berlin.de/cgi-bin/hidaweb/getdoc.pl?DOK_TPL=lda_doc.tpl&KEY=obj%2009065826,"Goerzallee 303A-B
",Werkswohn- und Feuerwehrhaus,1920 von Albert Paeseler,52.412049,13.27636_,""
09065831,http://www.stadtentwicklung.berlin.de/cgi-bin/hidaweb/getdoc.pl?DOK_TPL=lda_doc.tpl&KEY=obj%2009065831,"Grabenstraße 11
",Einfamilienhaus,1908–1909 von Jürgensen & Bachmann,52.420683,13.327012,""
09065832,http://www.stadtentwicklung.berlin.de/cgi-bin/hidaweb/getdoc.pl?DOK_TPL=lda_doc.tpl&KEY=obj%2009065832,"Grabenstraße 16
",Wohnhaus,1924 von Heinrich Jaeger und Fritz Freymueller,52.420328,13.329048,""
09065833,http://www.stadtentwicklung.berlin.de/cgi-bin/hidaweb/getdoc.pl?DOK_TPL=lda_doc.tpl&KEY=obj%2009065833,"Grabenstraße 40
",Einfamilienhaus mit Garten,1893–1894 von Reimer & Körte (siehe Ensemble Oberhofer Platz 8… und Gartendenkmal Grabenstraße 40),52.424112,13.324501,""
09065836,http://www.stadtentwicklung.berlin.de/cgi-bin/hidaweb/getdoc.pl?DOK_TPL=lda_doc.tpl&KEY=obj%2009065836,"Händelplatz 1
Gélieustraße 12
",Arbeitsamt,1954–1957 von Wilhelm Weygandt,52.450242,13.316542,""
09065841,http://www.stadtentwicklung.berlin.de/cgi-bin/hidaweb/getdoc.pl?DOK_TPL=lda_doc.tpl&KEY=obj%2009065841,"Heinersdorfer Straße 42
Oberhofer Platz, Oberhofer Weg
",Zweifamilienhaus,1872 von Johannes Otzen (siehe Ensemble Oberhofer Platz 8…),52.423809,13.328475,""
09055139,http://www.stadtentwicklung.berlin.de/cgi-bin/hidaweb/getdoc.pl?DOK_TPL=lda_doc.tpl&KEY=obj%2009055139,"Hildburghauser Straße 224/228
",Coca-Cola,"Verwaltungs- und Fabrikgebäude, 1957–1958 von Hans Simon",52.419235,13.318307,""
09065856,http://www.stadtentwicklung.berlin.de/cgi-bin/hidaweb/getdoc.pl?DOK_TPL=lda_doc.tpl&KEY=obj%2009065856,"Hindenburgdamm
","Dorfanger, Dorfkirche Lichterfelde","14. Jh., Kapellenanbauten 1776 und 1790, 1938–1841 restauriert (siehe Ensemble Hindenburgdamm 24–25…)",52.436954,13.314796,""
09065857,http://www.stadtentwicklung.berlin.de/cgi-bin/hidaweb/getdoc.pl?DOK_TPL=lda_doc.tpl&KEY=obj%2009065857,"Hindenburgdamm
","Dorfanger, Ev. Pauluskirche",1898–1900 von Fritz Gottlob (siehe Ensemble Hindenburgdamm 24–25…),52.437727,13.315232,""
09031277,http://www.stadtentwicklung.berlin.de/cgi-bin/hidaweb/getdoc.pl?DOK_TPL=lda_doc.tpl&KEY=obj%2009031277,"Hindenburgdamm 1
Königsberger Straße
",Postamt Lichterfelde,1925–1929 von Robert Gaedicke,52.431604,13.310361,""
09065859,http://www.stadtentwicklung.berlin.de/cgi-bin/hidaweb/getdoc.pl?DOK_TPL=lda_doc.tpl&KEY=obj%2009065859,"Hindenburgdamm 28
","ehem. Gutshaus, Carstenn-Schlösschen","um 1700, Ausbau um 1800 und 1868 (siehe Ensemble Hindenburgdamm 24–25… und Gartendenkmal Hindenburgdamm 28)",52.438995,13.316419,""
09065860,http://www.stadtentwicklung.berlin.de/cgi-bin/hidaweb/getdoc.pl?DOK_TPL=lda_doc.tpl&KEY=obj%2009065860,"Hindenburgdamm 81–82
",Wohnanlage,1924–1925 von Erich Richter (siehe Gartendenkmal Hindenburgdamm 81–82),52.445877,13.314766,""
09065864,http://www.stadtentwicklung.berlin.de/cgi-bin/hidaweb/getdoc.pl?DOK_TPL=lda_doc.tpl&KEY=obj%2009065864,"Hindenburgdamm 106
",Wohnhaus,1872–1873 von Sinnig (siehe Ensemble Hindenburgdamm 24–25…),52.437505,13.314411,""
09065870,http://www.stadtentwicklung.berlin.de/cgi-bin/hidaweb/getdoc.pl?DOK_TPL=lda_doc.tpl&KEY=obj%2009065870,"Holbeinstraße 2
",Wohnhaus,1894–1895 von Georg Böhme (siehe Gartendenkmal Holbeinstraße 2),52.4365_N,.298655_E,""
09065871,http://www.stadtentwicklung.berlin.de/cgi-bin/hidaweb/getdoc.pl?DOK_TPL=lda_doc.tpl&KEY=obj%2009065871,"Holbeinstraße 20
",Zweifamilienhaus,1895 von Paul Boswau (siehe Ensemble Holbeinstraße 20...),52.439391,13.305752,""
09065872,http://www.stadtentwicklung.berlin.de/cgi-bin/hidaweb/getdoc.pl?DOK_TPL=lda_doc.tpl&KEY=obj%2009065872,"Holbeinstraße 26
",Wohnhaus,1891–1892 von Julius Vogler (siehe Ensemble Holbeinstraße 26…),52.439978,13.307216,""
09065878,http://www.stadtentwicklung.berlin.de/cgi-bin/hidaweb/getdoc.pl?DOK_TPL=lda_doc.tpl&KEY=obj%2009065878,"Holbeinstraße 69
",Wohnhaus,1895–1896 von Georg Böhme,52.436991,13.298522,""
09065879,http://www.stadtentwicklung.berlin.de/cgi-bin/hidaweb/getdoc.pl?DOK_TPL=lda_doc.tpl&KEY=obj%2009065879,"Hortensienstraße 13
Enzianstraße 4
",Mietshaus,1910–1911 von Ernst Friers (siehe Ensemble Asternplatz 1–4),52.448094,13.304903,""
09065883,http://www.stadtentwicklung.berlin.de/cgi-bin/hidaweb/getdoc.pl?DOK_TPL=lda_doc.tpl&KEY=obj%2009065883,"Hortensienstraße 19–21C
",Wohnanlage,1927–1929 von Eberhardt Postlack (siehe Gartendenkmal Hortensienstraße 19–21C),52.446974,13.302813,""
09065886,http://www.stadtentwicklung.berlin.de/cgi-bin/hidaweb/getdoc.pl?DOK_TPL=lda_doc.tpl&KEY=obj%2009065886,"Hortensienstraße 28
Enzianstraße 5–5A
",Mietshaus,1911 von Ferdinand Nitze (siehe Ensemble Asternplatz 1–4),52.447678,13.305311,""
09065899,http://www.stadtentwicklung.berlin.de/cgi-bin/hidaweb/getdoc.pl?DOK_TPL=lda_doc.tpl&KEY=obj%2009065899,"Johanneskirchplatz 4
Pfleidererstraße, Ringstraße
",Ev. Johanneskirche,1913–1914 von Otto Kuhlmann,52.436738,13.292194,""
09066168,http://www.stadtentwicklung.berlin.de/cgi-bin/hidaweb/getdoc.pl?DOK_TPL=lda_doc.tpl&KEY=obj%2009066168,"Jungfernstieg 12A
",Haus Aron,"1892 von A. Schütz ; Geräteraum und Zaun, 1912 (siehe Gartendenkmal Jungfernstieg 12A)",52.432204,13.329617,""
09065901,http://www.stadtentwicklung.berlin.de/cgi-bin/hidaweb/getdoc.pl?DOK_TPL=lda_doc.tpl&KEY=obj%2009065901,"Jungfernstieg 19
",Einfamilienhaus (Villa Folke Bernadotte),"1885–1886 von Richard Reinhold Hintz; Autogarage, 1916 von C. Kuhn",52.432371,13.328283,""
09065902,http://www.stadtentwicklung.berlin.de/cgi-bin/hidaweb/getdoc.pl?DOK_TPL=lda_doc.tpl&KEY=obj%2009065902,"Jungfernstieg 26A
Bahnhofstraße
",Bankfiliale mit Direktorenwohnung,1921 von Reinhardt & Süssenguth (siehe Gartendenkmal Jungfernstieg 26A),52.429646,13.32613_,""
09065911,http://www.stadtentwicklung.berlin.de/cgi-bin/hidaweb/getdoc.pl?DOK_TPL=lda_doc.tpl&KEY=obj%2009065911,"Kadettenweg 53
",Villa,1893–1894 von Georg Böhme (siehe Ensemble Kadettenweg 51…),52.436056,13.298796,""
09065917,http://www.stadtentwicklung.berlin.de/cgi-bin/hidaweb/getdoc.pl?DOK_TPL=lda_doc.tpl&KEY=obj%2009065917,"Kadettenweg 64
",Wohnhaus,1891–1892 von Julius Vogler (siehe Ensemble Kadettenweg 6366),52.435032,13.298937,""
09065918,http://www.stadtentwicklung.berlin.de/cgi-bin/hidaweb/getdoc.pl?DOK_TPL=lda_doc.tpl&KEY=obj%2009065918,"Kadettenweg 65
",Wohnhaus,1891 von Julius Vogler (siehe Ensemble Kadettenweg 63–66),52.43484_,13.299773_,""
09065920,http://www.stadtentwicklung.berlin.de/cgi-bin/hidaweb/getdoc.pl?DOK_TPL=lda_doc.tpl&KEY=obj%2009065920,"Kadettenweg 69
","Wohnhaus der Deutschen Volksbaugesellschaft, 1891–1893",Weddigenweg,52.434454,13.299726,""
09065921,http://www.stadtentwicklung.berlin.de/cgi-bin/hidaweb/getdoc.pl?DOK_TPL=lda_doc.tpl&KEY=obj%2009065921,"Kamillenstraße 10/16
",Reihenhaus,1920–1922 von Walter Gropius,52.449525,13.302186,""
09065922,http://www.stadtentwicklung.berlin.de/cgi-bin/hidaweb/getdoc.pl?DOK_TPL=lda_doc.tpl&KEY=obj%2009065922,"Kastanienstraße 6–8
",Gemeindeschule 3,"1895–1896 von Articus, Erweiterungen 1901 und 1912",52.425733,13.324994,""
09065923,http://www.stadtentwicklung.berlin.de/cgi-bin/hidaweb/getdoc.pl?DOK_TPL=lda_doc.tpl&KEY=obj%2009065923,"Knesebeckstraße 2
",Wohnhaus,1890–1891 von Hermann Rückwardt,52.444099,13.293681,""
09065937,http://www.stadtentwicklung.berlin.de/cgi-bin/hidaweb/getdoc.pl?DOK_TPL=lda_doc.tpl&KEY=obj%2009065937,"Königsberger Straße 5
",Einfamilienhaus,1888 von Schwartzkopff & Theising,52.429206,13.323229,""
09065938,http://www.stadtentwicklung.berlin.de/cgi-bin/hidaweb/getdoc.pl?DOK_TPL=lda_doc.tpl&KEY=obj%2009065938,"Königsberger Straße 14
",Wohnhaus,1908–09 von Salinger & Schmohl,52.430665,13.31923_,""
09065939,http://www.stadtentwicklung.berlin.de/cgi-bin/hidaweb/getdoc.pl?DOK_TPL=lda_doc.tpl&KEY=obj%2009065939,"Königsberger Straße 23A
",Wohnhaus,1906 von Adolph Born (siehe Ensemble Herwarthstraße 1...),52.430843,13.314462,""
09065941,http://www.stadtentwicklung.berlin.de/cgi-bin/hidaweb/getdoc.pl?DOK_TPL=lda_doc.tpl&KEY=obj%2009065941,"Königsberger Straße 29
Goethestraße
",Villa,"1871–1872 von Herold & Hintze, Umbau 1901 von H. Mertens und Sohn",52.430263,13.314465,""
09065943,http://www.stadtentwicklung.berlin.de/cgi-bin/hidaweb/getdoc.pl?DOK_TPL=lda_doc.tpl&KEY=obj%2009065943,"Königsberger Straße 38
",Zweifamilienhaus,1884–1885 von Wilhelm Hintze,52.429058,13.321877,""
09065944,http://www.stadtentwicklung.berlin.de/cgi-bin/hidaweb/getdoc.pl?DOK_TPL=lda_doc.tpl&KEY=obj%2009065944,"Königsberger Straße 39
Frauenstraße
",Wohnhaus,um 1890,52.428956,13.322093,""
09065945,http://www.stadtentwicklung.berlin.de/cgi-bin/hidaweb/getdoc.pl?DOK_TPL=lda_doc.tpl&KEY=obj%2009065945,"Königsberger Straße 46
Morgensternstraße
",Mietshaus mit Gartenpavillon,1890–1891 von Schwartzkopff & Theising,52.428094,13.324625,""
09065925,http://www.stadtentwicklung.berlin.de/cgi-bin/hidaweb/getdoc.pl?DOK_TPL=lda_doc.tpl&KEY=obj%2009065925,"Kommandantenstraße 3
",Wohnhaus,1888–1889 von Friedrich Schirmer,52.43984_,13.292967_,""
09065926,http://www.stadtentwicklung.berlin.de/cgi-bin/hidaweb/getdoc.pl?DOK_TPL=lda_doc.tpl&KEY=obj%2009065926,"Kommandantenstraße 9–12
","Rotherstift, Altersheim","1896–1898 von Alfred Koerner, Umbau 1925 (siehe Gartendenkmal Kommandantenstraße 9–12)",52.438292,13.292468,""
09065931,http://www.stadtentwicklung.berlin.de/cgi-bin/hidaweb/getdoc.pl?DOK_TPL=lda_doc.tpl&KEY=obj%2009065931,"Kommandantenstraße 104
",Wohnhaus,1910–1912 von Ferdinand Stabernack,52.439483,13.293617,""
09065955,http://www.stadtentwicklung.berlin.de/cgi-bin/hidaweb/getdoc.pl?DOK_TPL=lda_doc.tpl&KEY=obj%2009065955,"Lankwitzer Straße 1
Kranoldplatz
",Miets- und Geschäftshaus,"1907–1908 von Albert Teutsch, Umbauten 1951, 1978",52.428432,13.328234,""
09065956,http://www.stadtentwicklung.berlin.de/cgi-bin/hidaweb/getdoc.pl?DOK_TPL=lda_doc.tpl&KEY=obj%2009065956,"Lankwitzer Straße 9
Luisenstraße
",Geschäftshaus,1922–1923 von Adolph Born,52.429269,13.331315,""
09065958,http://www.stadtentwicklung.berlin.de/cgi-bin/hidaweb/getdoc.pl?DOK_TPL=lda_doc.tpl&KEY=obj%2009065958,"Limonenstraße 30A
",Chauffeurshaus (Haus Sommerfeld),"1920–1922 von Walter Gropius, Umbau 1956 von Carl Bassen",52.45018_,13.302535_,""
09065961,http://www.stadtentwicklung.berlin.de/cgi-bin/hidaweb/getdoc.pl?DOK_TPL=lda_doc.tpl&KEY=obj%2009065961,"Ludwig-Beck-Platz
",Bedürfnisanstalt,1908 von Tietzen,52.442551,13.312012,""
09065962,http://www.stadtentwicklung.berlin.de/cgi-bin/hidaweb/getdoc.pl?DOK_TPL=lda_doc.tpl&KEY=obj%2009065962,"Luisenstraße 16
",Wohnhaus,1907–1908 von Adolph Born,52.425133,13.333586,""
09065964,http://www.stadtentwicklung.berlin.de/cgi-bin/hidaweb/getdoc.pl?DOK_TPL=lda_doc.tpl&KEY=obj%2009065964,"Manteuffelstraße 1
",Wohnhaus,1892–93 von Gebrüder Schmidt,52.443617,13.308457,""
09065967,http://www.stadtentwicklung.berlin.de/cgi-bin/hidaweb/getdoc.pl?DOK_TPL=lda_doc.tpl&KEY=obj%2009065967,"Manteuffelstraße 25
",Mietshaus,1903–1904 von Hermann Hausherr (siehe Ensemble Manteuffelstraße 7…),52.445778,13.310831,""
09065971,http://www.stadtentwicklung.berlin.de/cgi-bin/hidaweb/getdoc.pl?DOK_TPL=lda_doc.tpl&KEY=obj%2009065971,"Marienplatz 7
Promenadenstraße
",Wohnhaus,1893 von Adolph Born,52.433283,13.323312,""
09060131,http://www.stadtentwicklung.berlin.de/cgi-bin/hidaweb/getdoc.pl?DOK_TPL=lda_doc.tpl&KEY=obj%2009060131,"Marienplatz 8
","Haus A., Landhaus",1938–1939 (?) von Fritz Schopohl,52.432745,13.322796,""
09065972,http://www.stadtentwicklung.berlin.de/cgi-bin/hidaweb/getdoc.pl?DOK_TPL=lda_doc.tpl&KEY=obj%2009065972,"Marienstraße 24
Marienplatz
",Wohnhaus,1890–1891 von Wilhelm Hintze,52.433594,13.324734,""
09065974,http://www.stadtentwicklung.berlin.de/cgi-bin/hidaweb/getdoc.pl?DOK_TPL=lda_doc.tpl&KEY=obj%2009065974,"Marthastraße 2
",Wohnhaus,1895 von Ludwig Otte,52.435456,13.300356,""
09075169,http://www.stadtentwicklung.berlin.de/cgi-bin/hidaweb/getdoc.pl?DOK_TPL=lda_doc.tpl&KEY=obj%2009075169,"Marthastraße 5
",Wohnhaus G. Lilienthal,1893 von Gustav Lilienthal (siehe Ensemble Marthastraße 4–5),52.436109,13.300796,""
09065978,http://www.stadtentwicklung.berlin.de/cgi-bin/hidaweb/getdoc.pl?DOK_TPL=lda_doc.tpl&KEY=obj%2009065978,"Memlingstraße 14A
",Dienstbotenschule,1896–1897 von W. Liefert (Berliner Baugenossenschaft),52.440166,13.309593,""
09065980,http://www.stadtentwicklung.berlin.de/cgi-bin/hidaweb/getdoc.pl?DOK_TPL=lda_doc.tpl&KEY=obj%2009065980,"Moltkestraße 4
",Wohnhaus der Deutschen Volksbaugesellschaft,1892–1893,52.446072,13.307111,""
09065982,http://www.stadtentwicklung.berlin.de/cgi-bin/hidaweb/getdoc.pl?DOK_TPL=lda_doc.tpl&KEY=obj%2009065982,"Moltkestraße 23
",Mietshaus,"1897–1898 von August Hausherr, Fassade von Kilian (siehe Ensemble Moltkestraße 22A–23)",52.442575,13.311216,""
09065983,http://www.stadtentwicklung.berlin.de/cgi-bin/hidaweb/getdoc.pl?DOK_TPL=lda_doc.tpl&KEY=obj%2009065983,"Moltkestraße 27
",Mietshaus,1893–1894 von Wilhelm Schwerdtfeger,52.44139_,13.313572_,""
09065984,http://www.stadtentwicklung.berlin.de/cgi-bin/hidaweb/getdoc.pl?DOK_TPL=lda_doc.tpl&KEY=obj%2009065984,"Moltkestraße 36
",Mietshaus,1901–1902 von August Hausherr,52.441856,13.313725,""
09065992,http://www.stadtentwicklung.berlin.de/cgi-bin/hidaweb/getdoc.pl?DOK_TPL=lda_doc.tpl&KEY=obj%2009065992,"Mommsenstraße 11
",Mietshaus,1904 von Karl August Dehmel (siehe Ensemble Mommsenstraße 4A–5…),52.442718,13.300083,""
09065993,http://www.stadtentwicklung.berlin.de/cgi-bin/hidaweb/getdoc.pl?DOK_TPL=lda_doc.tpl&KEY=obj%2009065993,"Mommsenstraße 15
",Mietshaus,1894–1895 von Paul Boswau,52.442308,13.299094,""
09065998,http://www.stadtentwicklung.berlin.de/cgi-bin/hidaweb/getdoc.pl?DOK_TPL=lda_doc.tpl&KEY=obj%2009065998,"Neuchateller Straße 19–20G
",Wohnanlage,1929–1930 von Mebes & Emmerich und Anton Brenner,52.449556,13.313142,""
09066001,http://www.stadtentwicklung.berlin.de/cgi-bin/hidaweb/getdoc.pl?DOK_TPL=lda_doc.tpl&KEY=obj%2009066001,"Oberhofer Platz 2
",Ev. Petrus-Kirche,1897–1898 von Goldbach,52.424975,13.32804_,""
09066003,http://www.stadtentwicklung.berlin.de/cgi-bin/hidaweb/getdoc.pl?DOK_TPL=lda_doc.tpl&KEY=obj%2009066003,"Oberhofer Platz 8
",Einfamilienhaus,1883 von Adolph Born (siehe Ensemble Oberhofer Platz 8…),52.424579,13.327379,""
09066005,http://www.stadtentwicklung.berlin.de/cgi-bin/hidaweb/getdoc.pl?DOK_TPL=lda_doc.tpl&KEY=obj%2009066005,"Oberhofer Weg 1
Kranoldplatz
",Wohn- und Geschäftshaus,"1898–1899 von Franz und Hermann Wessel und Carl Burchardt; Tanzsaal, 1890–1891 von Julius Vogler",52.427482,13.326783,""
09066009,http://www.stadtentwicklung.berlin.de/cgi-bin/hidaweb/getdoc.pl?DOK_TPL=lda_doc.tpl&KEY=obj%2009066009,"Ostpreußendamm 27
Bäkestraße
",Wohnhaus,1913–1914 von Schlösser & Weirether,52.433871,13.319277,""
09066011,http://www.stadtentwicklung.berlin.de/cgi-bin/hidaweb/getdoc.pl?DOK_TPL=lda_doc.tpl&KEY=obj%2009066011,"Ostpreußendamm 47
",Wohnhaus,1873 von Otto Pascal,52.427452,13.317055,""
09066012,http://www.stadtentwicklung.berlin.de/cgi-bin/hidaweb/getdoc.pl?DOK_TPL=lda_doc.tpl&KEY=obj%2009066012,"Ostpreußendamm 52
Goethestraße
",Beamtenwohnhaus der Carstenn'schen Gasanstalt,"1883–1884; Anbau, 1921 von Paul Karchow, Umbau 1975",52.425749,13.316024,""
09066014,http://www.stadtentwicklung.berlin.de/cgi-bin/hidaweb/getdoc.pl?DOK_TPL=lda_doc.tpl&KEY=obj%2009066014,"Ostpreußendamm 64
",Pfarrhaus Giesensdorf,"1869; Anbau Ev. Gemeindehaus Lichterfelde Süd, 1924–1925 von Bruno Möhring und Hans Spitzner; mit Saalbau (siehe Ensemble Ostpreußendamm 63–64…)",52.421629,13.310435,""
09066015,http://www.stadtentwicklung.berlin.de/cgi-bin/hidaweb/getdoc.pl?DOK_TPL=lda_doc.tpl&KEY=obj%2009066015,"Ostpreußendamm 111
","Landwirtschaftliche Versuchsstation des Deutschen Kalisyndikats, Büro-, Labor- und Wohnhaus",1929 von A. J. Koester und K. Beckmann,52.415115,13.303377,""
09066016,http://www.stadtentwicklung.berlin.de/cgi-bin/hidaweb/getdoc.pl?DOK_TPL=lda_doc.tpl&KEY=obj%2009066016,"Ostpreußendamm 131A
Osdorfer Straße
",Dorfkirche Giesensdorf,14. Jh. (siehe Ensemble Ostpreußendamm 63–64…),52.421056,13.311579,""
09066017,http://www.stadtentwicklung.berlin.de/cgi-bin/hidaweb/getdoc.pl?DOK_TPL=lda_doc.tpl&KEY=obj%2009066017,"Ostpreußendamm 136
",Wohnhaus,1913–1914 von Bruno Möhring,52.421711,13.313568,""
09066018,http://www.stadtentwicklung.berlin.de/cgi-bin/hidaweb/getdoc.pl?DOK_TPL=lda_doc.tpl&KEY=obj%2009066018,"Ostpreußendamm 144–149
",Reichsbahnfunk-Vorempfangsstelle,1933–1934 von Hugo Röttcher (Reichsbahn-Neubauamt),52.42411_,13.317821_,""
09066019,http://www.stadtentwicklung.berlin.de/cgi-bin/hidaweb/getdoc.pl?DOK_TPL=lda_doc.tpl&KEY=obj%2009066019,"Ostpreußendamm 153–153A
Schillerstraße 31
",Mietshaus,1925–1926 von Bruno Möhring und Hans Spitzner,52.429393,13.317998,""
09066020,http://www.stadtentwicklung.berlin.de/cgi-bin/hidaweb/getdoc.pl?DOK_TPL=lda_doc.tpl&KEY=obj%2009066020,"Ostpreußendamm 154–155
",Doppelwohnhaus,1924–1925 von Goßler (?),52.428987,13.318136,""
09066021,http://www.stadtentwicklung.berlin.de/cgi-bin/hidaweb/getdoc.pl?DOK_TPL=lda_doc.tpl&KEY=obj%2009066021,"Ostpreußendamm 160
",Wohnhaus,"1887 von Theodor Prüfer, Anbau 1939",52.431888,13.318516,""
09066022,http://www.stadtentwicklung.berlin.de/cgi-bin/hidaweb/getdoc.pl?DOK_TPL=lda_doc.tpl&KEY=obj%2009066022,"Ostpreußendamm 170
",Wohnhaus,1935–1936 von Georg Thoféhrn,52.43605_,13.322307_,""
09066027,http://www.stadtentwicklung.berlin.de/cgi-bin/hidaweb/getdoc.pl?DOK_TPL=lda_doc.tpl&KEY=obj%2009066027,"Parallelstraße 13B
",Wohnhaus,"1892–1893 von Hugo Mehl, Umbau 1901–02 von Hermann und Otto Hausherr",52.425235,13.333062,""
09066031,http://www.stadtentwicklung.berlin.de/cgi-bin/hidaweb/getdoc.pl?DOK_TPL=lda_doc.tpl&KEY=obj%2009066031,"Parallelstraße 21
",Dreifamilienhaus,1891–1892 von August Torgus (siehe Ensemble Oberhofer Platz 8...),52.424772,13.32937_,""
09066035,http://www.stadtentwicklung.berlin.de/cgi-bin/hidaweb/getdoc.pl?DOK_TPL=lda_doc.tpl&KEY=obj%2009066035,"Parallelstraße 29A
",Gemeindehaus,1929–1930 von Otto Kuhlmann,52.423155,13.322758,""
09066042,http://www.stadtentwicklung.berlin.de/cgi-bin/hidaweb/getdoc.pl?DOK_TPL=lda_doc.tpl&KEY=obj%2009066042,"Paulinenstraße 8
",Wohnhaus,1903–1904 von Georg Böhme (siehe Ensemble Paulinenstraße 24A),52.435138,13.296897,""
09066045,http://www.stadtentwicklung.berlin.de/cgi-bin/hidaweb/getdoc.pl?DOK_TPL=lda_doc.tpl&KEY=obj%2009066045,"Paulinenstraße 14
",Wohnhaus,1924–1925 von Bruno Möhring,52.433462,13.296869,""
09066053,http://www.stadtentwicklung.berlin.de/cgi-bin/hidaweb/getdoc.pl?DOK_TPL=lda_doc.tpl&KEY=obj%2009066053,"Potsdamer Straße 6
Weddigenweg 7
",Wohnhaus,1902–1903 von Hans Grube,52.434386,13.302689,""
09066054,http://www.stadtentwicklung.berlin.de/cgi-bin/hidaweb/getdoc.pl?DOK_TPL=lda_doc.tpl&KEY=obj%2009066054,"Potsdamer Straße 8
",Wohnhaus,1899 von Georg Böhme,52.434786,13.302534,""
09066055,http://www.stadtentwicklung.berlin.de/cgi-bin/hidaweb/getdoc.pl?DOK_TPL=lda_doc.tpl&KEY=obj%2009066055,"Potsdamer Straße 9
",Wohnhaus,1899 von Georg Böhme,52.43498_,13.302631_,""
09066056,http://www.stadtentwicklung.berlin.de/cgi-bin/hidaweb/getdoc.pl?DOK_TPL=lda_doc.tpl&KEY=obj%2009066056,"Potsdamer Straße 20A
Holbeinstraße
",Wohnhaus,1924 von Otto Firle,52.437722,13.300128,""
09066057,http://www.stadtentwicklung.berlin.de/cgi-bin/hidaweb/getdoc.pl?DOK_TPL=lda_doc.tpl&KEY=obj%2009066057,"Potsdamer Straße 22A
",Wohnhaus,1894–1995 von Spalding & Grenander,52.438064,13.29971_,""
09066058,http://www.stadtentwicklung.berlin.de/cgi-bin/hidaweb/getdoc.pl?DOK_TPL=lda_doc.tpl&KEY=obj%2009066058,"Potsdamer Straße 39
Baseler Straße 25
",Wohnhaus mit Vorgarten und Brunnenbecken zur Baseler Straße,"Wohnhaus, 1885 von Max Nagel",52.440508,13.295978,""
09097755,http://www.stadtentwicklung.berlin.de/cgi-bin/hidaweb/getdoc.pl?DOK_TPL=lda_doc.tpl&KEY=obj%2009097755,"Potsdamer Straße 55
",Villa Dr. Ebert,1893 von F. Pumplun,52.436688,13.300335,""
09066064,http://www.stadtentwicklung.berlin.de/cgi-bin/hidaweb/getdoc.pl?DOK_TPL=lda_doc.tpl&KEY=obj%2009066064,"Potsdamer Straße 58A
",Wohnhaus,1899 von Georg Böhme,52.435501,13.301605,""
09066069,http://www.stadtentwicklung.berlin.de/cgi-bin/hidaweb/getdoc.pl?DOK_TPL=lda_doc.tpl&KEY=obj%2009066069,"Prausestraße 36/38
Kyllmannstraße
",Mietshaus,1911–1912 von W. Schädel,52.44483_,13.299453_,""
09066070,http://www.stadtentwicklung.berlin.de/cgi-bin/hidaweb/getdoc.pl?DOK_TPL=lda_doc.tpl&KEY=obj%2009066070,"Promenadenstraße 11
",Wohnhaus,1889–1890 von Richard Reinhold Hintz,52.434126,13.320703,""
09066071,http://www.stadtentwicklung.berlin.de/cgi-bin/hidaweb/getdoc.pl?DOK_TPL=lda_doc.tpl&KEY=obj%2009066071,"Promenadenstraße 15B
",Wohnhaus,1924–1925 von Heinrich Straumer,52.432958,13.322537,""
09066075,http://www.stadtentwicklung.berlin.de/cgi-bin/hidaweb/getdoc.pl?DOK_TPL=lda_doc.tpl&KEY=obj%2009066075,"Ringstraße 2–3
Wüllenweberweg 2/4
",Oberrealschule Lichterfelde (Lilienthal-Gymnasium),1896 von Heinrich Theising,52.436076,13.312107,""
09066074,http://www.stadtentwicklung.berlin.de/cgi-bin/hidaweb/getdoc.pl?DOK_TPL=lda_doc.tpl&KEY=obj%2009066074,"Ringstraße 10–10A
Dürerstraße
",Mietshaus,1903–1904 von August Höhne,52.437769,13.307325,""
09066076,http://www.stadtentwicklung.berlin.de/cgi-bin/hidaweb/getdoc.pl?DOK_TPL=lda_doc.tpl&KEY=obj%2009066076,"Ringstraße 10B
Dürerstraße
",Wohnhaus,"1872 von Robert Urban, Umbauten 1899 und 1902 von Julius Assmann",52.438198,13.306832,""
09066077,http://www.stadtentwicklung.berlin.de/cgi-bin/hidaweb/getdoc.pl?DOK_TPL=lda_doc.tpl&KEY=obj%2009066077,"Ringstraße 18
",Zweifamilienhaus,1906–1907 von Robert Kleinau,52.439768,13.304239,""
09066078,http://www.stadtentwicklung.berlin.de/cgi-bin/hidaweb/getdoc.pl?DOK_TPL=lda_doc.tpl&KEY=obj%2009066078,"Ringstraße 25A
",Wohnhaus,1905–1906 von Ferdinand Stabernack,52.439359,13.298526,""
09066080,http://www.stadtentwicklung.berlin.de/cgi-bin/hidaweb/getdoc.pl?DOK_TPL=lda_doc.tpl&KEY=obj%2009066080,"Ringstraße 28
",Villa,1896–1898 von Emil Schwerdtfeger (siehe Ensemble Baseler Straße 39…),52.43875_,13.296799_,""
09066083,http://www.stadtentwicklung.berlin.de/cgi-bin/hidaweb/getdoc.pl?DOK_TPL=lda_doc.tpl&KEY=obj%2009066083,"Ringstraße 68
",Wohnhaus,1903–1905 von Ferdinand Stabernack (siehe Ensemble Baseler Straße 39...),52.436997,13.294172,""
09066092,http://www.stadtentwicklung.berlin.de/cgi-bin/hidaweb/getdoc.pl?DOK_TPL=lda_doc.tpl&KEY=obj%2009066092,"Ringstraße 89
",Landhaus Grimm,1911 von Heinrich Straumer,52.43971_,13.303102_,""
09066093,http://www.stadtentwicklung.berlin.de/cgi-bin/hidaweb/getdoc.pl?DOK_TPL=lda_doc.tpl&KEY=obj%2009066093,"Ringstraße 108
",Wohnhaus,1922 von Heuer & Kühne,52.435408,13.311601,""
09066094,http://www.stadtentwicklung.berlin.de/cgi-bin/hidaweb/getdoc.pl?DOK_TPL=lda_doc.tpl&KEY=obj%2009066094,"Ritterstraße 1
",Wohnhaus,1889–1890 von A. Bartholomaeus,52.43273_,13.321766_,""
09066095,http://www.stadtentwicklung.berlin.de/cgi-bin/hidaweb/getdoc.pl?DOK_TPL=lda_doc.tpl&KEY=obj%2009066095,"Ruthnerweg 8
",Wohnhaus,1929–1930 von Werner Issel,52.424804,13.297976,""
09066102,http://www.stadtentwicklung.berlin.de/cgi-bin/hidaweb/getdoc.pl?DOK_TPL=lda_doc.tpl&KEY=obj%2009066102,"Söhtstraße 1
Wüllenweberweg 3
",Wohnhaus,"1904–1905 von Otto Hausherr, Fassade von Otto Gustav Frenzel",52.43652_,13.311605_,""
09066139,http://www.stadtentwicklung.berlin.de/cgi-bin/hidaweb/getdoc.pl?DOK_TPL=lda_doc.tpl&KEY=obj%2009066139,"Stockweg 14
",Wohnhaus,1878 von P. Vogeler,52.438921,13.313621,""
09066140,http://www.stadtentwicklung.berlin.de/cgi-bin/hidaweb/getdoc.pl?DOK_TPL=lda_doc.tpl&KEY=obj%2009066140,"Stockweg 16A
",Mietshaus,1874 von Cäsar Müller,52.43917_,13.313269_,""
09066143,http://www.stadtentwicklung.berlin.de/cgi-bin/hidaweb/getdoc.pl?DOK_TPL=lda_doc.tpl&KEY=obj%2009066143,"Stubenrauchstraße 4
",Mietshaus,1893–1894 von August Höhne,52.440791,13.300523,""
09066145,http://www.stadtentwicklung.berlin.de/cgi-bin/hidaweb/getdoc.pl?DOK_TPL=lda_doc.tpl&KEY=obj%2009066145,"Tietzenweg 94
",Wohnhaus,1891–1892 von H. Lucas,52.439469,13.308275,""
09066146,http://www.stadtentwicklung.berlin.de/cgi-bin/hidaweb/getdoc.pl?DOK_TPL=lda_doc.tpl&KEY=obj%2009066146,"Tietzenweg 108
Söhtstraße 6B
",Gemeindeschule,1904–1906 von Pahl und Franke,52.437937,13.309866,""
09066149,http://www.stadtentwicklung.berlin.de/cgi-bin/hidaweb/getdoc.pl?DOK_TPL=lda_doc.tpl&KEY=obj%2009066149,"Tietzenweg 130
Wüllenweberweg 6
",Pfarrhaus der Paulusgemeinde,1900–01 von Fritz Gottlob,52.436784,13.312526,""
09066110,http://www.stadtentwicklung.berlin.de/cgi-bin/hidaweb/getdoc.pl?DOK_TPL=lda_doc.tpl&KEY=obj%2009066110,"Viktoriastraße 5
",Mietshaus,1895–1897 von Friedrich Mating (siehe Ensemble Sophienstraße 2...),52.443284,13.303431,""
09066160,http://www.stadtentwicklung.berlin.de/cgi-bin/hidaweb/getdoc.pl?DOK_TPL=lda_doc.tpl&KEY=obj%2009066160,"Walter-Linse-Straße 9
",Landhaus,1894–1895 von Gustav Lilienthal,52.4364_N,.307947_E,""
09066162,http://www.stadtentwicklung.berlin.de/cgi-bin/hidaweb/getdoc.pl?DOK_TPL=lda_doc.tpl&KEY=obj%2009066162,"Weddigenweg 25
",Wohnhaus,1908–09 von Georg Böhme,52.434679,13.293598,""
09066163,http://www.stadtentwicklung.berlin.de/cgi-bin/hidaweb/getdoc.pl?DOK_TPL=lda_doc.tpl&KEY=obj%2009066163,"Weddigenweg 37
Ringstraße
",Einzelwohnhaus,1900–1901 von Meier & Werle,52.434493,13.288235,""
09066165,http://www.stadtentwicklung.berlin.de/cgi-bin/hidaweb/getdoc.pl?DOK_TPL=lda_doc.tpl&KEY=obj%2009066165,"Willdenowstraße 32/34
","Wohnhaus mit straßenseitiger Einfriedung, Pergolen und Terrassenanlage",1926–1927 von Scherer & Äeppli,52.453088,13.301076,""
09046277,http://www.stadtentwicklung.berlin.de/cgi-bin/hidaweb/getdoc.pl?DOK_TPL=lda_doc.tpl&KEY=obj%2009046277,"Augustaplatz
",Stadtplatz,"1872 von Hoffmann, Umgestaltungen 1905–09, 1949–57, Wiederherstellung 1984 (siehe Ensemble Augustaplatz 2...)",52.442814,13.307442,""
09046279,http://www.stadtentwicklung.berlin.de/cgi-bin/hidaweb/getdoc.pl?DOK_TPL=lda_doc.tpl&KEY=obj%2009046279,"Bassermannweg 7B–11A
",Vorgärten,1889–1890 (siehe Gesamtanlage Bassermannweg 7B–11A),52.43564_,13.325659_,""
09031272,http://www.stadtentwicklung.berlin.de/cgi-bin/hidaweb/getdoc.pl?DOK_TPL=lda_doc.tpl&KEY=obj%2009031272,"Curtiusstraße 101,
Lotzestraße 3, 5
",Hausgarten,1926–1928 von Heinrich Friedrich Wiepking-Jürgensmann (siehe Baudenkmal Curtiusstraße 101),52.436307,13.2826_E,""
09046285,http://www.stadtentwicklung.berlin.de/cgi-bin/hidaweb/getdoc.pl?DOK_TPL=lda_doc.tpl&KEY=obj%2009046285,"Dürerstraße 28A
","Hausgarten, 1895","Umgestaltung 1930 von Karl Foerster, Hermann Mattern (siehe Ensemble Drakestraße 16–20...)",52.437374,13.306333,""
09046110,http://www.stadtentwicklung.berlin.de/cgi-bin/hidaweb/getdoc.pl?DOK_TPL=lda_doc.tpl&KEY=obj%2009046110,"Eduard-Spranger-Promenade,
Bäkestraße 2A, 14A, Königsberger Straße 25D, Krahmerstraße 14
",Park am Teltowkanal,"seit 1808, 1913–1914 (siehe Baudenkmal Bäkestraße 14A)",52.433752,13.316456,""
09046287,http://www.stadtentwicklung.berlin.de/cgi-bin/hidaweb/getdoc.pl?DOK_TPL=lda_doc.tpl&KEY=obj%2009046287,"Grabenstraße 40
",Landhausgarten,"1894 von Reimer & Körte, um 1924 verändert (siehe Ensemble Oberhofer Platz 8... und Baudenkmal Grabenstraße 40)",52.424134,13.32476_,""
09046290,http://www.stadtentwicklung.berlin.de/cgi-bin/hidaweb/getdoc.pl?DOK_TPL=lda_doc.tpl&KEY=obj%2009046290,"Hindenburgdamm 28
",Gutspark,"ab 1864, seit 1905 Veränderungen (siehe Einzeldenkmal Hindenburgdamm 28)",52.438797,13.318567,""
09046291,http://www.stadtentwicklung.berlin.de/cgi-bin/hidaweb/getdoc.pl?DOK_TPL=lda_doc.tpl&KEY=obj%2009046291,"Hindenburgdamm 81–82
",Gartenhof,1924–1925 (siehe Baudenkmal Hindenburgdamm 81–82),52.445728,13.314834,""
09046292,http://www.stadtentwicklung.berlin.de/cgi-bin/hidaweb/getdoc.pl?DOK_TPL=lda_doc.tpl&KEY=obj%2009046292,"Holbeinstraße 2
",Hausgarten,1894–1895 (siehe Baudenkmal Holbeinstraße 2),52.436473,13.298687,""
09046293,http://www.stadtentwicklung.berlin.de/cgi-bin/hidaweb/getdoc.pl?DOK_TPL=lda_doc.tpl&KEY=obj%2009046293,"Hortensienstraße 19–21C
",Mietshausvorgarten,1927 (siehe Baudenkmal Hortensienstraße 19–21C),52.447063,13.302741,""
09046294,http://www.stadtentwicklung.berlin.de/cgi-bin/hidaweb/getdoc.pl?DOK_TPL=lda_doc.tpl&KEY=obj%2009046294,"Jungfernstieg 12A
",Villengarten,1892–1893 von A. Schütz und Zaar & Vahl (siehe Baudenkmal Jungfernstieg 12A),52.432233,13.329641,""
09046295,http://www.stadtentwicklung.berlin.de/cgi-bin/hidaweb/getdoc.pl?DOK_TPL=lda_doc.tpl&KEY=obj%2009046295,"Jungfernstieg 26A
",Pflasterung,1921 (siehe Baudenkmal Jungfernstieg 26A),52.429646,13.326266,""
09046296,http://www.stadtentwicklung.berlin.de/cgi-bin/hidaweb/getdoc.pl?DOK_TPL=lda_doc.tpl&KEY=obj%2009046296,"Kommandantenstraße 9–12A,
Friedrichstraße 12
",Gartenanlagen des Altersheimes Rotherstift,1896–1898 von Alfred Koerner (siehe Baudenkmal Kommandantenstraße 9–12),52.438244,13.292105,""
09046297,http://www.stadtentwicklung.berlin.de/cgi-bin/hidaweb/getdoc.pl?DOK_TPL=lda_doc.tpl&KEY=obj%2009046297,"Königin-Luise-Platz,
Altensteinstraße 2/6, Königin-Luise-Straße 6/8, Unter den Eichen 5–10, Willdenowstraße
",Botanischer Garten Dahlem,"1898–1910 von Gustav Ferdinand Axel Fintelmann und Adolf Engler, Alfred Koerner, Erweiterung um 1972 (siehe Gesamtanlage Königin-Luise-Platz)",52.45444_,13.305608_,""
09046302,http://www.stadtentwicklung.berlin.de/cgi-bin/hidaweb/getdoc.pl?DOK_TPL=lda_doc.tpl&KEY=obj%2009046302,"Manteuffelstraße 23A–B
",Vorgarten,1913,52.445991,13.311577,""
09046303,http://www.stadtentwicklung.berlin.de/cgi-bin/hidaweb/getdoc.pl?DOK_TPL=lda_doc.tpl&KEY=obj%2009046303,"Marienplatz
",Stadtplatz,"1869 und 1894–1895, 1981 wiederhergestellt",52.432595,13.324194,""
09046305,http://www.stadtentwicklung.berlin.de/cgi-bin/hidaweb/getdoc.pl?DOK_TPL=lda_doc.tpl&KEY=obj%2009046305,"Schillerstraße 14
",Villengarten,1892 (siehe Ensemble Frauenstraße 2–3…),52.427696,13.319993,""
09046308,http://www.stadtentwicklung.berlin.de/cgi-bin/hidaweb/getdoc.pl?DOK_TPL=lda_doc.tpl&KEY=obj%2009046308,"Schütte-Lanz-Straße 37
",Lilienthalpark,1894 und 1928–1933 von Fritz Freymüller und Paul Eschenbach,52.414122,13.328252,""
09046310,http://www.stadtentwicklung.berlin.de/cgi-bin/hidaweb/getdoc.pl?DOK_TPL=lda_doc.tpl&KEY=obj%2009046310,"Thuner Platz 2/4
",Parkfriedhof,"1908–1911 von Friedrich Bauer, Erweiterungen ,1926–1927 von Erwin Barth, und 1938; mit Verwaltungsgebäude, 1910–1911, und Kapelle, 1912–1913 von Ernst Petersen",52.422026,13.294012,""
unbekannt,http://www.stadtentwicklung.berlin.de/cgi-bin/hidaweb/getdoc.pl?DOK_TPL=lda_doc.tpl&KEY=obj%20unbekannt,"Baseler Straße 72
",Hausgarten,um 1907 von Georg Böhme; nach 2001 Denkmalschutz aufgehoben[2],52.435397,13.294947,""
09066101,http://www.stadtentwicklung.berlin.de/cgi-bin/hidaweb/getdoc.pl?DOK_TPL=lda_doc.tpl&KEY=obj%2009066101,"Schütte-Lanz-Straße 37
",Lilienthalgedenkstätte,"1932–1933 von Fritz Freymüller; seit 2007 kein gesondertes Baudenkmal mehr[2], jedoch Teil des Gartendenkmals Lilienthalpark",52.414122,13.328252,""
