09066277,http://www.stadtentwicklung.berlin.de/cgi-bin/hidaweb/getdoc.pl?DOK_TPL=lda_doc.tpl&KEY=obj%2009066277,"Rheinstraße 32–35
","Mietshäuser
Baudenkmal siehe: Rheinstraße 34
",Weitere Bestandteile des Ensembles:,52.466551,13.329454,""
09066284,http://www.stadtentwicklung.berlin.de/cgi-bin/hidaweb/getdoc.pl?DOK_TPL=lda_doc.tpl&KEY=obj%2009066284,"Roennebergstraße 4–6, 12–16
","Mietshäuser
Baudenkmal siehe: Roennebergstraße 4
",Weitere Bestandteile des Ensembles:,52.467965,13.329845,""
09066329,http://www.stadtentwicklung.berlin.de/cgi-bin/hidaweb/getdoc.pl?DOK_TPL=lda_doc.tpl&KEY=obj%2009066329,"Südwestkorso 11–12a, 65–69
Deidesheimer Straße 1–1a, 29, Offenbacher Straße 30, Stubenrauchstraße 46–47, Taunusstraße 10
","Mietshäuser
Baudenkmale siehe: Südwestkorso 11; 12–12a; 65; 66; 69
",Weitere Bestandteile des Ensembles:,52.474356,13.323016,""
09066332,http://www.stadtentwicklung.berlin.de/cgi-bin/hidaweb/getdoc.pl?DOK_TPL=lda_doc.tpl&KEY=obj%2009066332,"Südwestkorso 15–17, 62–64
Laubacher Straße 15, Rheingaustraße 15, Taunusstraße 17–18, Wilhelmshöher Straße 14
","Mietshäuser
Baudenkmale siehe: Südwestkorso 15; 15a; 16; 63; 63a; 64
",Weitere Bestandteile des Ensembles:,52.472813,13.32138_,""
09066179,http://www.stadtentwicklung.berlin.de/cgi-bin/hidaweb/getdoc.pl?DOK_TPL=lda_doc.tpl&KEY=obj%2009066179,"Bundesallee 86–88
Stubenrauchstraße 72
",Werkstätten für Präzisions-Mechanik und Optik Carl Bamberg (Askaniawerke),"1887–1888 Werkstattgebäude, von Kreuschmer & Co., 1915–1916 Aufstockung und Mittelflügel von Max Gronau; 1918–1919 Vorderhaus (Nr. 88), 1923–1924 Quergebäude, 1924 Tischlerei, 1934–1935 Erweiterung des Vorderhauses (Nr. 87), 1935 Garagen, 1935–1936 Laborgebäude (Stubenrauchstraße 72), 1936–1937 Erweiterung Vorderhaus (Nr. 86), alle von Hans Altmann.",52.468445,13.32753_,""
09030139,http://www.stadtentwicklung.berlin.de/cgi-bin/hidaweb/getdoc.pl?DOK_TPL=lda_doc.tpl&KEY=obj%2009030139,"Dickhardtstraße 11–13
",Reihenhäuser,1890–1891 von H. Franzke,52.46862_,13.334868_,""
09066204,http://www.stadtentwicklung.berlin.de/cgi-bin/hidaweb/getdoc.pl?DOK_TPL=lda_doc.tpl&KEY=obj%2009066204,"Goßlerstraße 13–15
Rheingaustraße 7, Schwalbacher Straße 11–13
",Königin-Luise-Lyzeum (Paul-Natorp-Oberschule),"1910–1912 von Hans Altmann; 2. Gemeindeschule Friedenau mit Turnhalle, 1904–1906 von Johannes Duntz.",52.46954_,13.323072_,""
09030147,http://www.stadtentwicklung.berlin.de/cgi-bin/hidaweb/getdoc.pl?DOK_TPL=lda_doc.tpl&KEY=obj%2009030147,"Goßlerstraße 24–25
",Mietshäuser,1908–1909 von Franz Steinbrucker und Anton Raubert,52.469988,13.326316,""
09066241,http://www.stadtentwicklung.berlin.de/cgi-bin/hidaweb/getdoc.pl?DOK_TPL=lda_doc.tpl&KEY=obj%2009066241,"Laubacher Straße 22–27
Offenbacher Straße 5a
",3. Gemeindeschule Friedenau mit Turngerätehaus,1913 von Hans Altmann.,52.475902,13.321004,""
09066263,http://www.stadtentwicklung.berlin.de/cgi-bin/hidaweb/getdoc.pl?DOK_TPL=lda_doc.tpl&KEY=obj%2009066263,"Perelsplatz 1–9
Handjerystraße 95–96, Lauterstraße 41–42
",Gymnasium Friedenau (Friedrich-Bergius-Schule),"1901–1902 von Paul Engelmann und Erich Blunck; Schuldirektorenwohnhaus, 1905–1906 von Johannes Duntz.",52.476426,13.333453,""
09012524,http://www.stadtentwicklung.berlin.de/cgi-bin/hidaweb/getdoc.pl?DOK_TPL=lda_doc.tpl&KEY=obj%2009012524,"Schmargendorfer Straße 26
",Wohn- und Atelierhaus Hallatz,"1884 von Wilhelm Kerbs; Mietshaus, 1902 von Otto Hoffmann.",52.471081,13.331295,""
09066170,http://www.stadtentwicklung.berlin.de/cgi-bin/hidaweb/getdoc.pl?DOK_TPL=lda_doc.tpl&KEY=obj%2009066170,"Albestraße 5
",Wohnhaus,1885 von W. Spieß,52.473665,13.333885,""
09066171,http://www.stadtentwicklung.berlin.de/cgi-bin/hidaweb/getdoc.pl?DOK_TPL=lda_doc.tpl&KEY=obj%2009066171,"Albestraße 19
",Mietshaus mit Vorgarteneinfriedung.,1892–1893 von James Ruhemann,52.473254,13.329674,""
09066172,http://www.stadtentwicklung.berlin.de/cgi-bin/hidaweb/getdoc.pl?DOK_TPL=lda_doc.tpl&KEY=obj%2009066172,"Albestraße 20
",Mietshaus mit Vorgarteneinfriedung,1892–1893 von James Ruhemann,52.473299,13.329953,""
09066173,http://www.stadtentwicklung.berlin.de/cgi-bin/hidaweb/getdoc.pl?DOK_TPL=lda_doc.tpl&KEY=obj%2009066173,"Albestraße 24
",Landhaus,1888 von Otto Hoffmann,52.473286,13.331231,""
09066174,http://www.stadtentwicklung.berlin.de/cgi-bin/hidaweb/getdoc.pl?DOK_TPL=lda_doc.tpl&KEY=obj%2009066174,"Albestraße 30
",Mietshaus mit Vorgarteneinfriedung,1891–1892 von Richard Draeger,52.473268,13.333279,""
09066175,http://www.stadtentwicklung.berlin.de/cgi-bin/hidaweb/getdoc.pl?DOK_TPL=lda_doc.tpl&KEY=obj%2009066175,"Bennigsenstraße 23–24
",Fabrikgebäude mit Vorgarteneinfriedung,1904–1905 von Peter Vogler,52.476554,13.337184,""
09066178,http://www.stadtentwicklung.berlin.de/cgi-bin/hidaweb/getdoc.pl?DOK_TPL=lda_doc.tpl&KEY=obj%2009066178,"Bundesallee 76–76a
Goßlerstraße 30
",Pfarrhaus,1911–1913 von Hans Altmann,52.470938,13.327859,""
09066180,http://www.stadtentwicklung.berlin.de/cgi-bin/hidaweb/getdoc.pl?DOK_TPL=lda_doc.tpl&KEY=obj%2009066180,"Bundesallee 104–105
Rheinstraße 39–39a
",Konfektionshaus Ebbinghaus (heute: Biomarkt und Ärztehaus),1962 von Hans Schaefers,52.465737,13.328716,""
09066181,http://www.stadtentwicklung.berlin.de/cgi-bin/hidaweb/getdoc.pl?DOK_TPL=lda_doc.tpl&KEY=obj%2009066181,"Bundesallee 129
",Mietshaus,1892 von R. Miethe,52.470685,13.328712,""
09066182,http://www.stadtentwicklung.berlin.de/cgi-bin/hidaweb/getdoc.pl?DOK_TPL=lda_doc.tpl&KEY=obj%2009066182,"Bundesallee 139
Sieglindestraße 5
",Mietshaus,1906 von Fritz Schönknecht,52.476139,13.32911_,""
09066753,http://www.stadtentwicklung.berlin.de/cgi-bin/hidaweb/getdoc.pl?DOK_TPL=lda_doc.tpl&KEY=obj%2009066753,"Dickhardtstraße 2
",Mietshaus,1909–1910 von Oskar Haustein,52.47057_,13.335115_,""
09066184,http://www.stadtentwicklung.berlin.de/cgi-bin/hidaweb/getdoc.pl?DOK_TPL=lda_doc.tpl&KEY=obj%2009066184,"Dickhardtstraße 4
",Mietshaus mit Vorgarteneinfriedung,1902–1903 von Gustav Grassmann,52.470167,13.334988,""
09066185,http://www.stadtentwicklung.berlin.de/cgi-bin/hidaweb/getdoc.pl?DOK_TPL=lda_doc.tpl&KEY=obj%2009066185,"Dickhardtstraße 5
",Mietshaus,1903 von Oskar Haustein,52.469961,13.334954,""
09031278,http://www.stadtentwicklung.berlin.de/cgi-bin/hidaweb/getdoc.pl?DOK_TPL=lda_doc.tpl&KEY=obj%2009031278,"Dickhardtstraße 7–8
Moselstraße 7–8
",Mietshaus,1895–1896 von Oskar Haustein,52.469507,13.335012,""
09066186,http://www.stadtentwicklung.berlin.de/cgi-bin/hidaweb/getdoc.pl?DOK_TPL=lda_doc.tpl&KEY=obj%2009066186,"Dickhardtstraße 30
",Wohnhaus,1904–1905 von Hans Bernoulli,52.466736,13.33175_,""
09066187,http://www.stadtentwicklung.berlin.de/cgi-bin/hidaweb/getdoc.pl?DOK_TPL=lda_doc.tpl&KEY=obj%2009066187,"Dickhardtstraße 42–43
Saarstraße 7
",Mietshaus,1909–1910 von Richard Preuß,52.467687,13.335157,""
09066188,http://www.stadtentwicklung.berlin.de/cgi-bin/hidaweb/getdoc.pl?DOK_TPL=lda_doc.tpl&KEY=obj%2009066188,"Dickhardtstraße 56
",Mietshaus mit Vorgarteneinfriedung,1904–1905 von A. Colosser,52.470454,13.335773,""
09066189,http://www.stadtentwicklung.berlin.de/cgi-bin/hidaweb/getdoc.pl?DOK_TPL=lda_doc.tpl&KEY=obj%2009066189,"Elsastraße 5
Ortrudstraße 4
",Mietshaus,1909 von Fritz Hensler,52.47475_,13.330153_,""
09066190,http://www.stadtentwicklung.berlin.de/cgi-bin/hidaweb/getdoc.pl?DOK_TPL=lda_doc.tpl&KEY=obj%2009066190,"Eschenstraße 2
",Mietshaus,1905 von Josef Becker,52.474292,13.325341,""
09066191,http://www.stadtentwicklung.berlin.de/cgi-bin/hidaweb/getdoc.pl?DOK_TPL=lda_doc.tpl&KEY=obj%2009066191,"Eschenstraße 6
",Mietshaus,1905 von Josef Becker,52.473976,13.325001,""
09066192,http://www.stadtentwicklung.berlin.de/cgi-bin/hidaweb/getdoc.pl?DOK_TPL=lda_doc.tpl&KEY=obj%2009066192,"Eschenstraße 7
",Mietshaus,1905 von Josef Becker,52.473971,13.325431,""
09066193,http://www.stadtentwicklung.berlin.de/cgi-bin/hidaweb/getdoc.pl?DOK_TPL=lda_doc.tpl&KEY=obj%2009066193,"Fehlerstraße 7
Stubenrauchstraße 42
",Mietshaus,1900–1901 von Hans Hoebke,52.476858,13.323825,""
09066194,http://www.stadtentwicklung.berlin.de/cgi-bin/hidaweb/getdoc.pl?DOK_TPL=lda_doc.tpl&KEY=obj%2009066194,"Fehlerstraße 11
",Mietshaus,1927–1928 von Bernhard Knoll,52.476827,13.322377,""
09066195,http://www.stadtentwicklung.berlin.de/cgi-bin/hidaweb/getdoc.pl?DOK_TPL=lda_doc.tpl&KEY=obj%2009066195,"Fregestraße 7–7a
",Mietshaus,1910 von Wilhelm Tillack,52.471001,13.337007,""
09030144,http://www.stadtentwicklung.berlin.de/cgi-bin/hidaweb/getdoc.pl?DOK_TPL=lda_doc.tpl&KEY=obj%2009030144,"Friedrich-Wilhelm-Platz 8
Goßlerstraße 1
",Landhaus Kunow,1889–1890 von P. Kunow (siehe Ensemble Friedrich-Wilhelm-Platz 8),52.471351,13.327608,""
09066197,http://www.stadtentwicklung.berlin.de/cgi-bin/hidaweb/getdoc.pl?DOK_TPL=lda_doc.tpl&KEY=obj%2009066197,"Friedrich-Wilhelm-Platz 9
Bundesallee 130, Schmiljanstraße 1
",Mietshaus,1892–1893 von R. Miethe,52.470941,13.32885_,""
09066199,http://www.stadtentwicklung.berlin.de/cgi-bin/hidaweb/getdoc.pl?DOK_TPL=lda_doc.tpl&KEY=obj%2009066199,"Friedrich-Wilhelm-Platz 12
",Landhaus,1884 von Max Nagel,52.472022,13.329325,""
09066200,http://www.stadtentwicklung.berlin.de/cgi-bin/hidaweb/getdoc.pl?DOK_TPL=lda_doc.tpl&KEY=obj%2009066200,"Friedrich-Wilhelm-Platz 13
Niedstraße 23
",Mietshaus,1891 von P. Fischer,52.472256,13.329231,""
09066201,http://www.stadtentwicklung.berlin.de/cgi-bin/hidaweb/getdoc.pl?DOK_TPL=lda_doc.tpl&KEY=obj%2009066201,"Friedrich-Wilhelm-Platz 14
Niedstraße 22
",Mietshaus,1911 von Johannes Schuster,52.472727,13.329324,""
09030145,http://www.stadtentwicklung.berlin.de/cgi-bin/hidaweb/getdoc.pl?DOK_TPL=lda_doc.tpl&KEY=obj%2009030145,"Goßlerstraße 2
",Landhaus,1888–1890 von Otto Hoffmann (siehe Ensemble Friedrich-Wilhelm-Platz 8),52.471228,13.327469,""
09045281,http://www.stadtentwicklung.berlin.de/cgi-bin/hidaweb/getdoc.pl?DOK_TPL=lda_doc.tpl&KEY=obj%2009045281,"Goßlerstraße 3
",Haus Dihm,1888–1889 von Ludwig Dihm (siehe Ensemble Friedrich-Wilhelm-Platz 8),52.471045,13.327087,""
09066202,http://www.stadtentwicklung.berlin.de/cgi-bin/hidaweb/getdoc.pl?DOK_TPL=lda_doc.tpl&KEY=obj%2009066202,"Goßlerstraße 8
",Mietshaus,1891 von Richard Draeger,52.470366,13.325988,""
09066203,http://www.stadtentwicklung.berlin.de/cgi-bin/hidaweb/getdoc.pl?DOK_TPL=lda_doc.tpl&KEY=obj%2009066203,"Goßlerstraße 12
",Landhaus,1901–1902 von H. Klitscher,52.469523,13.324508,""
09066205,http://www.stadtentwicklung.berlin.de/cgi-bin/hidaweb/getdoc.pl?DOK_TPL=lda_doc.tpl&KEY=obj%2009066205,"Hähnelstraße 1
Lauterstraße 37
",Mietshaus,1891–1892 von Emil Rösler,52.475457,13.335732,""
09066206,http://www.stadtentwicklung.berlin.de/cgi-bin/hidaweb/getdoc.pl?DOK_TPL=lda_doc.tpl&KEY=obj%2009066206,"Hähnelstraße 7
",Mietshaus,1910 von Otto Jäckel (siehe Ensemble Hähnelstraße 7–10…),52.475368,13.338296,""
09066207,http://www.stadtentwicklung.berlin.de/cgi-bin/hidaweb/getdoc.pl?DOK_TPL=lda_doc.tpl&KEY=obj%2009066207,"Hähnelstraße 8
",Mietshaus,1908 von Eugen Freier (siehe Ensemble Hähnelstraße 7–10…),52.475365,13.338616,""
09066211,http://www.stadtentwicklung.berlin.de/cgi-bin/hidaweb/getdoc.pl?DOK_TPL=lda_doc.tpl&KEY=obj%2009066211,"Hähnelstraße 14
",Mietshaus,1910–1911 von Max Traeger (siehe Ensemble Hähnelstraße 7–10…),52.475841,13.338728,""
09066212,http://www.stadtentwicklung.berlin.de/cgi-bin/hidaweb/getdoc.pl?DOK_TPL=lda_doc.tpl&KEY=obj%2009066212,"Hähnelstraße 15
",Mietshaus,1910–1911 von Großkopf & Schulz (siehe Ensemble Hähnelstraße 7–10…),52.475847,13.338356,""
09066214,http://www.stadtentwicklung.berlin.de/cgi-bin/hidaweb/getdoc.pl?DOK_TPL=lda_doc.tpl&KEY=obj%2009066214,"Handjerystraße 18
",Landhaus,1885 von Max Nagel,52.474414,13.332416,""
09066215,http://www.stadtentwicklung.berlin.de/cgi-bin/hidaweb/getdoc.pl?DOK_TPL=lda_doc.tpl&KEY=obj%2009066215,"Handjerystraße 21
",Landhaus,1886 von Max Nagel,52.473848,13.332331,""
09066216,http://www.stadtentwicklung.berlin.de/cgi-bin/hidaweb/getdoc.pl?DOK_TPL=lda_doc.tpl&KEY=obj%2009066216,"Handjerystraße 22
Albestraße 9
",Mietshaus,1887–1888 von A. Müller,52.473651,13.332408,""
09066217,http://www.stadtentwicklung.berlin.de/cgi-bin/hidaweb/getdoc.pl?DOK_TPL=lda_doc.tpl&KEY=obj%2009066217,"Handjerystraße 24
",Mietshaus,1910–1911 von Fr. Schulz-Heikenkopf,52.472964,13.332301,""
09066218,http://www.stadtentwicklung.berlin.de/cgi-bin/hidaweb/getdoc.pl?DOK_TPL=lda_doc.tpl&KEY=obj%2009066218,"Handjerystraße 33–36
Schmargendorfer Straße 27–29
",Postamt 410,"1915–1920 von Ludwig Meyer, 1930–1935 von Robert Gaedicke",52.471085,13.331931,""
09066219,http://www.stadtentwicklung.berlin.de/cgi-bin/hidaweb/getdoc.pl?DOK_TPL=lda_doc.tpl&KEY=obj%2009066219,"Handjerystraße 38
",Mietshaus,1910–1911 von E. Kreuschmer,52.470528,13.331945,""
09066220,http://www.stadtentwicklung.berlin.de/cgi-bin/hidaweb/getdoc.pl?DOK_TPL=lda_doc.tpl&KEY=obj%2009066220,"Handjerystraße 42–43
Schmiljanstraße 21
",Mietshaus,1908 von Klitscher & Afdring,52.469988,13.33139_,""
09066221,http://www.stadtentwicklung.berlin.de/cgi-bin/hidaweb/getdoc.pl?DOK_TPL=lda_doc.tpl&KEY=obj%2009066221,"Handjerystraße 44–45
Schmiljanstraße 11
",Verwaltungsgebäude,1956–1958 von Robert Schöffler,52.469619,13.330844,""
09066222,http://www.stadtentwicklung.berlin.de/cgi-bin/hidaweb/getdoc.pl?DOK_TPL=lda_doc.tpl&KEY=obj%2009066222,"Handjerystraße 47
",Landhaus,1887 von Max Nagel,52.469427,13.330344,""
09066223,http://www.stadtentwicklung.berlin.de/cgi-bin/hidaweb/getdoc.pl?DOK_TPL=lda_doc.tpl&KEY=obj%2009066223,"Handjerystraße 65
Schmiljanstraße 12
",Mietshaus,1893 von James Ruhemann,52.469361,13.331299,""
09066224,http://www.stadtentwicklung.berlin.de/cgi-bin/hidaweb/getdoc.pl?DOK_TPL=lda_doc.tpl&KEY=obj%2009066224,"Handjerystraße 70
",Landhaus,1885–1887 von H. Franzke,52.470111,13.332295,""
09066225,http://www.stadtentwicklung.berlin.de/cgi-bin/hidaweb/getdoc.pl?DOK_TPL=lda_doc.tpl&KEY=obj%2009066225,"Handjerystraße 71
",Mietshaus,"1888, 1891–1892 von H. Franzke",52.470292,13.332468,""
09066226,http://www.stadtentwicklung.berlin.de/cgi-bin/hidaweb/getdoc.pl?DOK_TPL=lda_doc.tpl&KEY=obj%2009066226,"Handjerystraße 72
",Mietshaus,1892–1896 von James Ruhemann,52.470446,13.332693,""
09066227,http://www.stadtentwicklung.berlin.de/cgi-bin/hidaweb/getdoc.pl?DOK_TPL=lda_doc.tpl&KEY=obj%2009066227,"Handjerystraße 82–83
Niedstraße 10–11
",Mietshaus,1889 von Eduard Götze,52.472726,13.333029,""
09066228,http://www.stadtentwicklung.berlin.de/cgi-bin/hidaweb/getdoc.pl?DOK_TPL=lda_doc.tpl&KEY=obj%2009066228,"Handjerystraße 87–88
Albestraße 8
","Thiele-Winkler-Haus, Landhäuser",1885–1886 von Max Nagel,52.473754,13.332995,""
09066229,http://www.stadtentwicklung.berlin.de/cgi-bin/hidaweb/getdoc.pl?DOK_TPL=lda_doc.tpl&KEY=obj%2009066229,"Handjerystraße 89
",Mietshaus,1888 von G. Luedecke,52.474065,13.333067,""
09066213,http://www.stadtentwicklung.berlin.de/cgi-bin/hidaweb/getdoc.pl?DOK_TPL=lda_doc.tpl&KEY=obj%2009066213,"Handjerystraße 98–99
",Kleingleichrichterwerk auf dem Güterbahnhof Wilmersdorf,1927–1928 von Richard Brademann,52.476957,13.334805,""
09066230,http://www.stadtentwicklung.berlin.de/cgi-bin/hidaweb/getdoc.pl?DOK_TPL=lda_doc.tpl&KEY=obj%2009066230,"Hauptstraße 71
",Mietshaus,1909 von Paul Reinhardt (siehe Ensemble Hähnelstraße 7–10…),52.475118,13.339128,""
09066231,http://www.stadtentwicklung.berlin.de/cgi-bin/hidaweb/getdoc.pl?DOK_TPL=lda_doc.tpl&KEY=obj%2009066231,"Hauptstraße 72
",Mietshaus,1909 von Paul Reinhardt (siehe Ensemble Hähnelstraße 7–10…),52.474975,13.338829,""
09066232,http://www.stadtentwicklung.berlin.de/cgi-bin/hidaweb/getdoc.pl?DOK_TPL=lda_doc.tpl&KEY=obj%2009066232,"Hauptstraße 73
",Mietshaus,1908–1909 von Paul Reinhardt (siehe Ensemble Hähnelstraße 7–10…),52.474789,13.33865_,""
09066234,http://www.stadtentwicklung.berlin.de/cgi-bin/hidaweb/getdoc.pl?DOK_TPL=lda_doc.tpl&KEY=obj%2009066234,"Hauptstraße 76
Stierstraße 1
",Mietshaus,1907–1908 von Paul Meyer,52.474094,13.337949,""
09066235,http://www.stadtentwicklung.berlin.de/cgi-bin/hidaweb/getdoc.pl?DOK_TPL=lda_doc.tpl&KEY=obj%2009066235,"Hauptstraße 77
Stierstraße 22
",Mietshaus,1902 von Franz Fedler,52.473448,13.336914,""
09066236,http://www.stadtentwicklung.berlin.de/cgi-bin/hidaweb/getdoc.pl?DOK_TPL=lda_doc.tpl&KEY=obj%2009066236,"Hauptstraße 78–79
",Kino Roxy-Palast,1929 von Martin Punitzer,52.473149,13.336672,""
09066237,http://www.stadtentwicklung.berlin.de/cgi-bin/hidaweb/getdoc.pl?DOK_TPL=lda_doc.tpl&KEY=obj%2009066237,"Hedwigstraße 18–19
Rheinstraße 66
",Landhaus Karig,"Wohn- und Geschäftshaus, Stall, 1886 von Max Nagel.",52.471687,13.335882,""
09066238,http://www.stadtentwicklung.berlin.de/cgi-bin/hidaweb/getdoc.pl?DOK_TPL=lda_doc.tpl&KEY=obj%2009066238,"Hertelstraße 2
",Mietshaus mit Vorgarteneinfriedung,1907–1908 von Max Heinrich,52.469063,13.323095,""
09066239,http://www.stadtentwicklung.berlin.de/cgi-bin/hidaweb/getdoc.pl?DOK_TPL=lda_doc.tpl&KEY=obj%2009066239,"Isoldestraße 2
",Mietshaus,1906–1907 von Ladislaus Nowak,52.476708,13.331235,""
09066240,http://www.stadtentwicklung.berlin.de/cgi-bin/hidaweb/getdoc.pl?DOK_TPL=lda_doc.tpl&KEY=obj%2009066240,"Isoldestraße 9
",Mietshaus mit Vorgarteneinfriedung,1905–1907 von Ladislaus Nowak,52.476702,13.331977,""
09066242,http://www.stadtentwicklung.berlin.de/cgi-bin/hidaweb/getdoc.pl?DOK_TPL=lda_doc.tpl&KEY=obj%2009066242,"Lauterstraße 14–15
Niedstraße 40–41
",Mietshaus,1901–1902 von A. Schneider,52.472213,13.334813,""
09066243,http://www.stadtentwicklung.berlin.de/cgi-bin/hidaweb/getdoc.pl?DOK_TPL=lda_doc.tpl&KEY=obj%2009066243,"Lauterstraße 33
",Mietshaus,1886 von A. Handke,52.47485_,13.335616_,""
09066244,http://www.stadtentwicklung.berlin.de/cgi-bin/hidaweb/getdoc.pl?DOK_TPL=lda_doc.tpl&KEY=obj%2009066244,"Lefèvrestraße 9
",Mietshaus,1909–1910 von F. A. Domscheit,52.466925,13.324278,""
09066245,http://www.stadtentwicklung.berlin.de/cgi-bin/hidaweb/getdoc.pl?DOK_TPL=lda_doc.tpl&KEY=obj%2009066245,"Lefèvrestraße 24
",Mietshaus,1907–1908 von Emil Gericke,52.466605,13.324168,""
09066246,http://www.stadtentwicklung.berlin.de/cgi-bin/hidaweb/getdoc.pl?DOK_TPL=lda_doc.tpl&KEY=obj%2009066246,"Mainauer Straße 2
",Rheingau-Klinik,"ehem. Villa, um 1890; Mietshaus und Klinik 1909–1913 von Carl Dittmar",52.476098,13.32733_,""
09066249,http://www.stadtentwicklung.berlin.de/cgi-bin/hidaweb/getdoc.pl?DOK_TPL=lda_doc.tpl&KEY=obj%2009066249,"Mainauer Straße 8
",Mietshaus,1908–1909 von Leberecht Thon (siehe Ensemble Mainauer Straße 7–9),52.475552,13.325575,""
09066250,http://www.stadtentwicklung.berlin.de/cgi-bin/hidaweb/getdoc.pl?DOK_TPL=lda_doc.tpl&KEY=obj%2009066250,"Mainauer Straße 9
",Mietshaus,1909 von Heinrich Manglus (siehe Ensemble Mainauer Straße 7–9),52.475525,13.325928,""
09066251,http://www.stadtentwicklung.berlin.de/cgi-bin/hidaweb/getdoc.pl?DOK_TPL=lda_doc.tpl&KEY=obj%2009066251,"Moselstraße 1–2
Saarstraße 21
",Mietshaus,1903–1904 von Otto Hausherr (siehe Ensemble Rheinstraße 17–20…),52.46883_,13.333522_,""
09031275,http://www.stadtentwicklung.berlin.de/cgi-bin/hidaweb/getdoc.pl?DOK_TPL=lda_doc.tpl&KEY=obj%2009031275,"Moselstraße 5
","Mietshaus, ehem. Roenneberg-Schule",1898 von E. Kreuschmer (siehe Gartendenkmal Moselstraße 5),52.46894_,13.334633_,""
09066751,http://www.stadtentwicklung.berlin.de/cgi-bin/hidaweb/getdoc.pl?DOK_TPL=lda_doc.tpl&KEY=obj%2009066751,"Moselstraße 12
",Mietshaus,1876–1877,52.469322,13.333863,""
09066252,http://www.stadtentwicklung.berlin.de/cgi-bin/hidaweb/getdoc.pl?DOK_TPL=lda_doc.tpl&KEY=obj%2009066252,"Niedstraße 1–2
Lauterstraße 19–20
",Rathaus Friedenau,1914–1917 von Hans Altmann. Hauptstraße 1,52.472718,13.335967,""
09066253,http://www.stadtentwicklung.berlin.de/cgi-bin/hidaweb/getdoc.pl?DOK_TPL=lda_doc.tpl&KEY=obj%2009066253,"Niedstraße 4
",Mietshaus,1899 von R. Lange,52.47268_,13.334671_,""
09031274,http://www.stadtentwicklung.berlin.de/cgi-bin/hidaweb/getdoc.pl?DOK_TPL=lda_doc.tpl&KEY=obj%2009031274,"Niedstraße 5
",Mietshaus mit Tiefgarage,1935 von Hermann Mohr,52.472773,13.334418,""
09066254,http://www.stadtentwicklung.berlin.de/cgi-bin/hidaweb/getdoc.pl?DOK_TPL=lda_doc.tpl&KEY=obj%2009066254,"Niedstraße 13
",Landhaus,"1882 von Max Nagel
In diesem Haus wohnte Günter Grass von 1963 bis 1996.
",52.472659,13.33209_,""
09066255,http://www.stadtentwicklung.berlin.de/cgi-bin/hidaweb/getdoc.pl?DOK_TPL=lda_doc.tpl&KEY=obj%2009066255,"Niedstraße 17
",Landhaus,1884 von Max Nagel,52.472676,13.330891,""
09066256,http://www.stadtentwicklung.berlin.de/cgi-bin/hidaweb/getdoc.pl?DOK_TPL=lda_doc.tpl&KEY=obj%2009066256,"Niedstraße 18
",Landhaus,"1885 von Max Nagel, 1898 von Oskar Haustein erweitert",52.472678,13.330577,""
09066257,http://www.stadtentwicklung.berlin.de/cgi-bin/hidaweb/getdoc.pl?DOK_TPL=lda_doc.tpl&KEY=obj%2009066257,"Niedstraße 20
",Landhaus,1886 von Robert Hoffmann,52.472701,13.329899,""
09066258,http://www.stadtentwicklung.berlin.de/cgi-bin/hidaweb/getdoc.pl?DOK_TPL=lda_doc.tpl&KEY=obj%2009066258,"Niedstraße 24
",Landhaus,"1889 von Max Nagel, 1905 von F. Krüger",52.472324,13.329601,""
09066259,http://www.stadtentwicklung.berlin.de/cgi-bin/hidaweb/getdoc.pl?DOK_TPL=lda_doc.tpl&KEY=obj%2009066259,"Niedstraße 30
",Landhaus mit Remise,1882 von J. Mehmel,52.472188,13.331459,""
09066260,http://www.stadtentwicklung.berlin.de/cgi-bin/hidaweb/getdoc.pl?DOK_TPL=lda_doc.tpl&KEY=obj%2009066260,"Niedstraße 32
",Mietshaus,1890 von Ewald Götze,52.47228_,13.332026_,""
09066261,http://www.stadtentwicklung.berlin.de/cgi-bin/hidaweb/getdoc.pl?DOK_TPL=lda_doc.tpl&KEY=obj%2009066261,"Niedstraße 39
",Mietshaus,1888–1889 von Max Nagel,52.472294,13.334407,""
09066264,http://www.stadtentwicklung.berlin.de/cgi-bin/hidaweb/getdoc.pl?DOK_TPL=lda_doc.tpl&KEY=obj%2009066264,"Perelsplatz 12
",Landhaus,1886 von Max Nagel,52.475109,13.333575,""
09066265,http://www.stadtentwicklung.berlin.de/cgi-bin/hidaweb/getdoc.pl?DOK_TPL=lda_doc.tpl&KEY=obj%2009066265,"Perelsplatz 13
",Landhaus,1888 von H. Franzke,52.475223,13.333821,""
09066266,http://www.stadtentwicklung.berlin.de/cgi-bin/hidaweb/getdoc.pl?DOK_TPL=lda_doc.tpl&KEY=obj%2009066266,"Perelsplatz 16
",Mietshaus,1893–1894 von Carl Sack (siehe Gartendenkmal Perelsplatz 16),52.475098,13.334436,""
09040307,http://www.stadtentwicklung.berlin.de/cgi-bin/hidaweb/getdoc.pl?DOK_TPL=lda_doc.tpl&KEY=obj%2009040307,"Perelsplatz 17
",Mietshaus mit Vorgarten,1890 von H. Pählchen,52.475215,13.33472_,""
09066267,http://www.stadtentwicklung.berlin.de/cgi-bin/hidaweb/getdoc.pl?DOK_TPL=lda_doc.tpl&KEY=obj%2009066267,"Rheingaustraße 19
",Mietshaus,1910 von Heinrich Möller,52.470994,13.321082,""
09066268,http://www.stadtentwicklung.berlin.de/cgi-bin/hidaweb/getdoc.pl?DOK_TPL=lda_doc.tpl&KEY=obj%2009066268,"Rheingaustraße 22
Schwalbacher Straße 8
",Mietshaus,1910–1911 von Schüler & Montag,52.469923,13.321067,""
09066270,http://www.stadtentwicklung.berlin.de/cgi-bin/hidaweb/getdoc.pl?DOK_TPL=lda_doc.tpl&KEY=obj%2009066270,"Rheinstraße 10
",Mietshaus,1896 von Emil Rösler,52.470426,13.33352_,""
09066271,http://www.stadtentwicklung.berlin.de/cgi-bin/hidaweb/getdoc.pl?DOK_TPL=lda_doc.tpl&KEY=obj%2009066271,"Rheinstraße 11
",Mietshaus,1896 von Emil Rösler (siehe Gartendenkmal Rheinstraße 11),52.470223,13.333379,""
09066273,http://www.stadtentwicklung.berlin.de/cgi-bin/hidaweb/getdoc.pl?DOK_TPL=lda_doc.tpl&KEY=obj%2009066273,"Rheinstraße 17
",Mietshaus,1893 von H. Pählchen (siehe Ensemble Rheinstraße 17–20…),52.469503,13.332619,""
09066274,http://www.stadtentwicklung.berlin.de/cgi-bin/hidaweb/getdoc.pl?DOK_TPL=lda_doc.tpl&KEY=obj%2009066274,"Rheinstraße 18
Schmiljanstraße 17
",Mietshaus,1893–1894 von H. Pählchen (siehe Ensemble Rheinstraße 17–20…),52.469296,13.332426,""
09066275,http://www.stadtentwicklung.berlin.de/cgi-bin/hidaweb/getdoc.pl?DOK_TPL=lda_doc.tpl&KEY=obj%2009066275,"Rheinstraße 19
Schmiljanstraße 16
",Mietshaus,1891 von H. Pählchen (siehe Ensemble Rheinstraße 17–20…),52.468947,13.332047,""
09066278,http://www.stadtentwicklung.berlin.de/cgi-bin/hidaweb/getdoc.pl?DOK_TPL=lda_doc.tpl&KEY=obj%2009066278,"Rheinstraße 34
",Mietshaus,1904–1905 von Theodor Thöns (siehe Ensemble Rheinstraße 32–35),52.466437,13.329417,""
09066282,http://www.stadtentwicklung.berlin.de/cgi-bin/hidaweb/getdoc.pl?DOK_TPL=lda_doc.tpl&KEY=obj%2009066282,"Rheinstraße 50
",Mietshaus,1901 von Otto Berheine,52.467681,13.331697,""
09066283,http://www.stadtentwicklung.berlin.de/cgi-bin/hidaweb/getdoc.pl?DOK_TPL=lda_doc.tpl&KEY=obj%2009066283,"Rheinstraße 55
Moselstraße 13
",Mietshaus,1896 von James Ruhemann (siehe Ensemble Rheinstraße 17–20…),52.469265,13.333377,""
09066285,http://www.stadtentwicklung.berlin.de/cgi-bin/hidaweb/getdoc.pl?DOK_TPL=lda_doc.tpl&KEY=obj%2009066285,"Roennebergstraße 4
",Mietshaus,1901–1902 von James Ruhemann (siehe Ensemble Roennebergstraße 4–6…),52.468138,13.330153,""
09066295,http://www.stadtentwicklung.berlin.de/cgi-bin/hidaweb/getdoc.pl?DOK_TPL=lda_doc.tpl&KEY=obj%2009066295,"Saarstraße 8
",Mietshaus,1908–1909 von Karl Kremser und Albert Weber,52.46757_,13.335519_,""
09066296,http://www.stadtentwicklung.berlin.de/cgi-bin/hidaweb/getdoc.pl?DOK_TPL=lda_doc.tpl&KEY=obj%2009066296,"Saarstraße 14
",Landhaus,1884 von W. Spieß,52.467851,13.335972,""
09066297,http://www.stadtentwicklung.berlin.de/cgi-bin/hidaweb/getdoc.pl?DOK_TPL=lda_doc.tpl&KEY=obj%2009066297,"Sarrazinstraße 11–15
",Verwaltungsgebäude,1939 von Fritz Fuß und Cornelius van den Hoeven,52.474367,13.330958,""
09066298,http://www.stadtentwicklung.berlin.de/cgi-bin/hidaweb/getdoc.pl?DOK_TPL=lda_doc.tpl&KEY=obj%2009066298,"Sarrazinstraße 19
",Landhaus,1887 von Max Trappe,52.474004,13.330376,""
09066299,http://www.stadtentwicklung.berlin.de/cgi-bin/hidaweb/getdoc.pl?DOK_TPL=lda_doc.tpl&KEY=obj%2009066299,"Schmargendorfer Straße 14
",Landhaus Bauer,1882–1883 von Franz Dreßler,52.471691,13.330845,""
09066300,http://www.stadtentwicklung.berlin.de/cgi-bin/hidaweb/getdoc.pl?DOK_TPL=lda_doc.tpl&KEY=obj%2009066300,"Schmargendorfer Straße 15
",Landhaus,"1882 von Max Nagel, 1901 Umbau des Obergeschosses von E. Kreuschmer",52.471698,13.330496,""
09066301,http://www.stadtentwicklung.berlin.de/cgi-bin/hidaweb/getdoc.pl?DOK_TPL=lda_doc.tpl&KEY=obj%2009066301,"Schmargendorfer Straße 16
",Landhaus,1882–1883 von Franz Dreßler,52.471747,13.330218,""
09066302,http://www.stadtentwicklung.berlin.de/cgi-bin/hidaweb/getdoc.pl?DOK_TPL=lda_doc.tpl&KEY=obj%2009066302,"Schmargendorfer Straße 21
",Mietshaus,1891–1893 von Wilhelm Bröse,52.47134_,13.329708_,""
09066303,http://www.stadtentwicklung.berlin.de/cgi-bin/hidaweb/getdoc.pl?DOK_TPL=lda_doc.tpl&KEY=obj%2009066303,"Schmargendorfer Straße 22
",Landhaus,1888–1889 von Otto Hoffmann,52.471342,13.329989,""
09066304,http://www.stadtentwicklung.berlin.de/cgi-bin/hidaweb/getdoc.pl?DOK_TPL=lda_doc.tpl&KEY=obj%2009066304,"Schmargendorfer Straße 24–25a
",Landhäuser und ehem. Schulgebäude,"Haus Dr. Lorenz (Nr. 25a), 1882 von Max Nagel; Haus Dr. Bach (Nr. 24), 1884 von Otto Hoffmann; ehem. Schulgebäude (Nr. 25), 1900 von Otto Hoffmann",52.471182,13.330866,""
09066305,http://www.stadtentwicklung.berlin.de/cgi-bin/hidaweb/getdoc.pl?DOK_TPL=lda_doc.tpl&KEY=obj%2009066305,"Schmiljanstraße 2
",Mietshaus,1892 von R. Miethe,52.470819,13.329111,""
09066306,http://www.stadtentwicklung.berlin.de/cgi-bin/hidaweb/getdoc.pl?DOK_TPL=lda_doc.tpl&KEY=obj%2009066306,"Schmiljanstraße 3
",Mietshaus,1892 von R. Miethe,52.470721,13.329268,""
09066307,http://www.stadtentwicklung.berlin.de/cgi-bin/hidaweb/getdoc.pl?DOK_TPL=lda_doc.tpl&KEY=obj%2009066307,"Schmiljanstraße 5
",Mietshaus,1910–1911 von W. und P. Kind,52.470373,13.329678,""
09045123,http://www.stadtentwicklung.berlin.de/cgi-bin/hidaweb/getdoc.pl?DOK_TPL=lda_doc.tpl&KEY=obj%2009045123,"Schnackenburgstraße 3
",Mietshaus,1888–1889 von A. Westphal,52.474597,13.334487,""
09066308,http://www.stadtentwicklung.berlin.de/cgi-bin/hidaweb/getdoc.pl?DOK_TPL=lda_doc.tpl&KEY=obj%2009066308,"Schnackenburgstraße 4
",Landhaus,"1886 von E. Kreuschmer, Werkstattgebäude, 1901 von R. Lange",52.474729,13.334158,""
09066309,http://www.stadtentwicklung.berlin.de/cgi-bin/hidaweb/getdoc.pl?DOK_TPL=lda_doc.tpl&KEY=obj%2009066309,"Schnackenburgstraße 9–10
Handjerystraße 90
",Mietshaus,1890–1892 von Otto Bauer,52.474226,13.333164,""
09066310,http://www.stadtentwicklung.berlin.de/cgi-bin/hidaweb/getdoc.pl?DOK_TPL=lda_doc.tpl&KEY=obj%2009066310,"Schnackenburgstraße 11
",Mietshaus,1896 von Oskar Haustein,52.474172,13.333582,""
09066312,http://www.stadtentwicklung.berlin.de/cgi-bin/hidaweb/getdoc.pl?DOK_TPL=lda_doc.tpl&KEY=obj%2009066312,"Schwalbacher Straße 10
",Mietshaus,1909 von Max Heinrich und Richard Zwicker,52.469942,13.322282,""
09066313,http://www.stadtentwicklung.berlin.de/cgi-bin/hidaweb/getdoc.pl?DOK_TPL=lda_doc.tpl&KEY=obj%2009066313,"Sentastraße 6
Bundesallee 138
",Doppelmietshaus,1906 von Hugo Merckens,52.475902,13.329108,""
09066314,http://www.stadtentwicklung.berlin.de/cgi-bin/hidaweb/getdoc.pl?DOK_TPL=lda_doc.tpl&KEY=obj%2009066314,"Stubenrauchstraße 3
",Mietshaus,1908 von Franz Steinbrucker und Anton Raubert,52.469287,13.327259,""
09066315,http://www.stadtentwicklung.berlin.de/cgi-bin/hidaweb/getdoc.pl?DOK_TPL=lda_doc.tpl&KEY=obj%2009066315,"Stubenrauchstraße 5
",Mietshaus mit Einfriedung,1899–1900 von F. und H. Wessel,52.469383,13.326741,""
09066316,http://www.stadtentwicklung.berlin.de/cgi-bin/hidaweb/getdoc.pl?DOK_TPL=lda_doc.tpl&KEY=obj%2009066316,"Stubenrauchstraße 7
",Landhaus,1891 von E. Kreuschmer,52.46962_,13.326084_,""
09066317,http://www.stadtentwicklung.berlin.de/cgi-bin/hidaweb/getdoc.pl?DOK_TPL=lda_doc.tpl&KEY=obj%2009066317,"Stubenrauchstraße 43–45
","III. Städtischer Friedhof Stubenrauchstraße, Friedhofskapelle",1888–1889 von W. Spieß (siehe Gartendenkmal Stubenrauchstraße 43–45),52.475752,13.322937,""
09066318,http://www.stadtentwicklung.berlin.de/cgi-bin/hidaweb/getdoc.pl?DOK_TPL=lda_doc.tpl&KEY=obj%2009066318,"Stubenrauchstraße 43–45
","III. Städtischer Friedhof Stubenrauchstraße, Urnenhalle",1914–1916 von Hans Altmann (siehe Gartendenkmal Stubenrauchstraße 43–45),52.475689,13.324041,""
09066319,http://www.stadtentwicklung.berlin.de/cgi-bin/hidaweb/getdoc.pl?DOK_TPL=lda_doc.tpl&KEY=obj%2009066319,"Stubenrauchstraße 48
",Mietshaus,1910 von Otto Völker,52.474176,13.323768,""
09066320,http://www.stadtentwicklung.berlin.de/cgi-bin/hidaweb/getdoc.pl?DOK_TPL=lda_doc.tpl&KEY=obj%2009066320,"Stubenrauchstraße 49
",Mietshaus,1910–1911 von Paul Jatzow,52.473907,13.323723,""
09066321,http://www.stadtentwicklung.berlin.de/cgi-bin/hidaweb/getdoc.pl?DOK_TPL=lda_doc.tpl&KEY=obj%2009066321,"Stubenrauchstraße 59
",Mietshaus,1905 von Rein & Haak,52.471268,13.323708,""
09066323,http://www.stadtentwicklung.berlin.de/cgi-bin/hidaweb/getdoc.pl?DOK_TPL=lda_doc.tpl&KEY=obj%2009066323,"Südwestkorso 11
Offenbacher Straße 30
",Mietshaus,1910 von Max Traeger (siehe Ensemble Südwestkorso 11–12a…),52.474856,13.322888,""
09066328,http://www.stadtentwicklung.berlin.de/cgi-bin/hidaweb/getdoc.pl?DOK_TPL=lda_doc.tpl&KEY=obj%2009066328,"Südwestkorso 12–12a
Deidesheimer Straße 29
",Mietshaus,1909–1910 Alfred Lowitzki (siehe Ensemble Südwestkorso 11–12a…),52.474182,13.322316,""
09066333,http://www.stadtentwicklung.berlin.de/cgi-bin/hidaweb/getdoc.pl?DOK_TPL=lda_doc.tpl&KEY=obj%2009066333,"Südwestkorso 15
Taunusstraße 17
",Mietshaus,1909 von Franz Hebold (siehe Ensemble Südwestkorso 15–17…),52.473304,13.321235,""
09066334,http://www.stadtentwicklung.berlin.de/cgi-bin/hidaweb/getdoc.pl?DOK_TPL=lda_doc.tpl&KEY=obj%2009066334,"Südwestkorso 15a
",Mietshaus,1909–1910 von Franz Hebold (siehe Ensemble Südwestkorso 15–17…),52.473138,13.321053,""
09066335,http://www.stadtentwicklung.berlin.de/cgi-bin/hidaweb/getdoc.pl?DOK_TPL=lda_doc.tpl&KEY=obj%2009066335,"Südwestkorso 16
",Mietshaus,1909–1910 von Franz Hebold (siehe Ensemble Südwestkorso 15–17…),52.472948,13.320835,""
09066338,http://www.stadtentwicklung.berlin.de/cgi-bin/hidaweb/getdoc.pl?DOK_TPL=lda_doc.tpl&KEY=obj%2009066338,"Südwestkorso 63
",Mietshaus,1910–1911 von Willi Wanderscheck (siehe Ensemble Südwestkorso 15–17…),52.473026,13.321917,""
09066339,http://www.stadtentwicklung.berlin.de/cgi-bin/hidaweb/getdoc.pl?DOK_TPL=lda_doc.tpl&KEY=obj%2009066339,"Südwestkorso 63a
",Mietshaus,1910–1911 von Willibald Kübler (siehe Ensemble Südwestkorso 15–17…),52.47316_,13.322127_,""
09066340,http://www.stadtentwicklung.berlin.de/cgi-bin/hidaweb/getdoc.pl?DOK_TPL=lda_doc.tpl&KEY=obj%2009066340,"Südwestkorso 64
",Mietshaus,1910–1911 von Franz Helding (siehe Ensemble Südwestkorso 15-17…),52.473243,13.322273,""
09066341,http://www.stadtentwicklung.berlin.de/cgi-bin/hidaweb/getdoc.pl?DOK_TPL=lda_doc.tpl&KEY=obj%2009066341,"Südwestkorso 65
Taunusstraße 10
",Mietshaus,1910–1911 von Hermann Völcker (siehe Ensemble Südwestkorso 11–12a…),52.473735,13.322779,""
09066343,http://www.stadtentwicklung.berlin.de/cgi-bin/hidaweb/getdoc.pl?DOK_TPL=lda_doc.tpl&KEY=obj%2009066343,"Südwestkorso 66
",Mietshaus,1909–1910 von Franz Helding (siehe Ensemble Südwestkorso 11–12a…),52.474063,13.323103,""
09066346,http://www.stadtentwicklung.berlin.de/cgi-bin/hidaweb/getdoc.pl?DOK_TPL=lda_doc.tpl&KEY=obj%2009066346,"Südwestkorso 69
Stubenrauchstraße 46
",Mietshaus,1909–1910 von Leberecht Thon und Paul Jatzow (siehe Ensemble Südwestkorso 11–12a…),52.474688,13.323826,""
09066347,http://www.stadtentwicklung.berlin.de/cgi-bin/hidaweb/getdoc.pl?DOK_TPL=lda_doc.tpl&KEY=obj%2009066347,"Südwestkorso 74
",Mietshaus,1907–1908 von Emil Schaudt (siehe Ensemble Südwestkorso 14…),52.476375,13.326897,""
09066349,http://www.stadtentwicklung.berlin.de/cgi-bin/hidaweb/getdoc.pl?DOK_TPL=lda_doc.tpl&KEY=obj%2009066349,"Taunusstraße 29
",Mietshaus,1906–1907 von Ferdinand Lante,52.473249,13.325615,""
09066293,http://www.stadtentwicklung.berlin.de/cgi-bin/hidaweb/getdoc.pl?DOK_TPL=lda_doc.tpl&KEY=obj%2009066293,"Wiesbadener Straße 84
Rotdornstraße 9
",Mietshaus,1904–1905 von Paul Schröder,52.471277,13.325647,""
09030146,http://www.stadtentwicklung.berlin.de/cgi-bin/hidaweb/getdoc.pl?DOK_TPL=lda_doc.tpl&KEY=obj%2009030146,"Wiesbadener Straße 89
",Landhaus,1888–1890 von Otto Hoffmann (siehe Ensemble Friedrich-Wilhelm-Platz 8),52.471352,13.327361,""
09066352,http://www.stadtentwicklung.berlin.de/cgi-bin/hidaweb/getdoc.pl?DOK_TPL=lda_doc.tpl&KEY=obj%2009066352,"Wilhelmshöher Straße 17–20
",Einküchenhäuser,1909–1912 von Albert Geßner,52.472281,13.322658,""
09046017,http://www.stadtentwicklung.berlin.de/cgi-bin/hidaweb/getdoc.pl?DOK_TPL=lda_doc.tpl&KEY=obj%2009046017,"Moselstraße 5
",Vorgarten,ab 1899 (siehe Baudenkmal Moselstraße 5),52.469112,13.334571,""
09045880,http://www.stadtentwicklung.berlin.de/cgi-bin/hidaweb/getdoc.pl?DOK_TPL=lda_doc.tpl&KEY=obj%2009045880,"Niedstraße 36
",Vorgarten,ab 1903,52.472382,13.333527,""
09045882,http://www.stadtentwicklung.berlin.de/cgi-bin/hidaweb/getdoc.pl?DOK_TPL=lda_doc.tpl&KEY=obj%2009045882,"Perelsplatz 14–15
",Vorgarten,"Hofstruktur mit Gartenteil, ab 1894",52.475122,13.334092,""
09045883,http://www.stadtentwicklung.berlin.de/cgi-bin/hidaweb/getdoc.pl?DOK_TPL=lda_doc.tpl&KEY=obj%2009045883,"Perelsplatz 16
",Vorgarten,ab 1894 (siehe Baudenkmal Perelsplatz 16),52.475302,13.334437,""
09012525,http://www.stadtentwicklung.berlin.de/cgi-bin/hidaweb/getdoc.pl?DOK_TPL=lda_doc.tpl&KEY=obj%2009012525,"Renée-Sintenis-Platz
",Stadtplatz,"1872, um 1900, 1955 von Karl Tümler; Bronzeplastik „Grasendes Fohlen“ von Renée Sintenis",52.471503,13.332648,""
09045888,http://www.stadtentwicklung.berlin.de/cgi-bin/hidaweb/getdoc.pl?DOK_TPL=lda_doc.tpl&KEY=obj%2009045888,"Schmargendorfer Straße 6
",Vorgarten,ab 1904,52.471595,13.333513,""
09046016,http://www.stadtentwicklung.berlin.de/cgi-bin/hidaweb/getdoc.pl?DOK_TPL=lda_doc.tpl&KEY=obj%2009046016,"Schmiljanstraße 28
",Innenhof,ab 1906,52.471067,13.329972,""
09045890,http://www.stadtentwicklung.berlin.de/cgi-bin/hidaweb/getdoc.pl?DOK_TPL=lda_doc.tpl&KEY=obj%2009045890,"Stierstraße 14–15
",Vorgarten und Innenhof,1911 von Otto Colosser (?),52.474993,13.337002,""
09046604,http://www.stadtentwicklung.berlin.de/cgi-bin/hidaweb/getdoc.pl?DOK_TPL=lda_doc.tpl&KEY=obj%2009046604,"Stubenrauchstraße 43–45
",III. Städtischer Friedhof Stubenrauchstraße,"1881, 1894, 1904–1912 (siehe Baudenkmale Stubenrauchstraße 43–45)",52.476045,13.322689,""
09045892,http://www.stadtentwicklung.berlin.de/cgi-bin/hidaweb/getdoc.pl?DOK_TPL=lda_doc.tpl&KEY=obj%2009045892,"Taunusstraße 30
",Vorgarten,1909 von Julius Moldt,52.473406,13.325917,""
