09046400,http://www.stadtentwicklung.berlin.de/cgi-bin/hidaweb/getdoc.pl?DOK_TPL=lda_doc.tpl&KEY=obj%2009046400,"Bismarckallee 19A, 21B–D, 23
Herthastraße 3/5
","Palais Mendelssohn, Landhausanlage
Baudenkmale siehe: Bismarckallee 19A...; Herthastraße 5",Weiterer Bestandteil des Ensembles:,52.488268,13.277786,""
09046424,http://www.stadtentwicklung.berlin.de/cgi-bin/hidaweb/getdoc.pl?DOK_TPL=lda_doc.tpl&KEY=obj%2009046424,"Cordesstraße 3–9
Werkstättenweg 2–12A
","Werksbauten und Lokomotivschuppen, Einfriedungen",Bestandteile des Ensembles,52.496292,13.277197,""
09046471,http://www.stadtentwicklung.berlin.de/cgi-bin/hidaweb/getdoc.pl?DOK_TPL=lda_doc.tpl&KEY=obj%2009046471,"Koenigsallee 52/56
Hagenstraße 1
","Mietvillen
Baudenkmal siehe: Hagenstraße 1",Weitere Bestandteile des Ensembles:,52.482835,13.265124,""
09046533,http://www.stadtentwicklung.berlin.de/cgi-bin/hidaweb/getdoc.pl?DOK_TPL=lda_doc.tpl&KEY=obj%2009046533,"Lassenstraße 16/22
",Schule und Mietshaus,Baudenkmale siehe: Lassenstraße 16/20; 22,52.485144,13.276918,""
09046544,http://www.stadtentwicklung.berlin.de/cgi-bin/hidaweb/getdoc.pl?DOK_TPL=lda_doc.tpl&KEY=obj%2009046544,"Margaretenstraße 5, 10
",Mietvillen,"Baudenkmale siehe: Margaretenstraße 5; 10
Gartendenkmal siehe: Margaretenstraße 10",52.494898,13.282784,""
09046561,http://www.stadtentwicklung.berlin.de/cgi-bin/hidaweb/getdoc.pl?DOK_TPL=lda_doc.tpl&KEY=obj%2009046561,"Straße am Schildhorn 2–4B
",Restaurationsbetrieb und Wohnhäuser,Baudenkmale siehe: Straße am Schildhorn 2; 3; 4A; 4B,52.494137,13.19803_,""
09031273,http://www.stadtentwicklung.berlin.de/cgi-bin/hidaweb/getdoc.pl?DOK_TPL=lda_doc.tpl&KEY=obj%2009031273,"Am Bahnhof Grunewald
",Ringbahn-Endstation Grunewald,"Stationsgebäude von 1879 und Stellwerk, Funktionsgebäude, Bahnsteige und Gleisanlagen von 1884–90, Ausgangsort für die Deportation von Juden, 1941–45",52.489123,13.264386,""
09046391,http://www.stadtentwicklung.berlin.de/cgi-bin/hidaweb/getdoc.pl?DOK_TPL=lda_doc.tpl&KEY=obj%2009046391,"Am Bahnhof Grunewald 1
",S-Bahnhof Grunewald,"Empfangsgebäude, 1899 von Karl Cornelius; Tunnel, 1884–85; Bahnsteig 1, um 1885; Bahnsteig 2, um 1935",52.488328,13.261707,""
09046396,http://www.stadtentwicklung.berlin.de/cgi-bin/hidaweb/getdoc.pl?DOK_TPL=lda_doc.tpl&KEY=obj%2009046396,"Bismarckallee 13
Lynarstraße 5–5A, 5B
",Mietshaus & Belvedere der ehemaligen Villa Griebenow,"1896 von Ludwig Otte; Mietshaus (Lynarstraße 5–5A), 1936–37 von Georg Groebsch",52.489743,13.280227,""
09046486,http://www.stadtentwicklung.berlin.de/cgi-bin/hidaweb/getdoc.pl?DOK_TPL=lda_doc.tpl&KEY=obj%2009046486,"Herbertstraße 17
Herthastraße 24
",Landhaus Lewin,"1925–26 von Paul Renner; Chauffeurhaus, 1923 von Hannes Schaffer",52.48721_,13.283097_,""
09046524,http://www.stadtentwicklung.berlin.de/cgi-bin/hidaweb/getdoc.pl?DOK_TPL=lda_doc.tpl&KEY=obj%2009046524,"Königsweg
",Abstellbahnhof und Bahnbetriebswerk Hundekehle,"Bahngelände, Lokomotivschuppen, Verwaltungs- und Werkstattbau, 1905–10 von Blum und Giese (?)",52.481134,13.252881,""
09046553,http://www.stadtentwicklung.berlin.de/cgi-bin/hidaweb/getdoc.pl?DOK_TPL=lda_doc.tpl&KEY=obj%2009046553,"Reinerzstraße 1–14
",Wohnanlage,1924–25,52.484488,13.288128,""
09046554,http://www.stadtentwicklung.berlin.de/cgi-bin/hidaweb/getdoc.pl?DOK_TPL=lda_doc.tpl&KEY=obj%2009046554,"Reinerzstraße 15–34
",Wohnanlage,1920 von Albert Geßner,52.484653,13.286586,""
09046427,http://www.stadtentwicklung.berlin.de/cgi-bin/hidaweb/getdoc.pl?DOK_TPL=lda_doc.tpl&KEY=obj%2009046427,"Richard-Strauss-Straße 22
Dachsberg 8
",Landhaus Victorius,"1914 von Breslauer & Salinger; Garagen-und Chauffeurshaus, 1925–26 von Adolf Wollenberg",52.481872,13.275604,""
09046570,http://www.stadtentwicklung.berlin.de/cgi-bin/hidaweb/getdoc.pl?DOK_TPL=lda_doc.tpl&KEY=obj%2009046570,"Teufelsseechaussee 22–28
",Wasserwerk Teufelssee,"Hauptgebäude (Maschinenhaus), 1872 von Hanshent und Schmetzer; Beamtenwohnhaus mit Mieterställen und Schuppen, 1873 von Hanshent und Schmetzer (?); Rieselergebäude, 1892; Langsamfilter, 1892; Reinwasserbehälter, 1890–92; Sandwäsche, 1892 (?). In dem Ensemble ist heute das Naturschutzzentrum Ökowerk Berlin untergebracht.",52.491964,13.235451,""
09046573,http://www.stadtentwicklung.berlin.de/cgi-bin/hidaweb/getdoc.pl?DOK_TPL=lda_doc.tpl&KEY=obj%2009046573,"Trabener Straße 21/25
",Mietvillen,1902–03 von Wilhelm Walther,52.489368,13.267492,""
09046583,http://www.stadtentwicklung.berlin.de/cgi-bin/hidaweb/getdoc.pl?DOK_TPL=lda_doc.tpl&KEY=obj%2009046583,"Waldmeisterstraße 10/20
",Tennis-Club 1899 e.V. (Blau-Weiß),um 1925 von Paul Karchow und Georg Demmler (siehe Gartendenkmal Waldmeisterstraße 10/20),52.475935,13.273207,""
09046601,http://www.stadtentwicklung.berlin.de/cgi-bin/hidaweb/getdoc.pl?DOK_TPL=lda_doc.tpl&KEY=obj%2009046601,"Wissmannstraße 20/22
Winkler Straße 1
",Mietvillen,"1896–97 (Winkler Straße 1, Wissmannstraße 20) und 1897–98 (Wissmannstraße 22) von Wilhelm Walther",52.489681,13.270582,""
09095848,http://www.stadtentwicklung.berlin.de/cgi-bin/hidaweb/getdoc.pl?DOK_TPL=lda_doc.tpl&KEY=obj%2009095848,"Bernhard-Wieck-Promenade
",Statue „Stehendes Mädchen“,1913 von Fritz Röll (1962 aufgestellt),52.479631,13.270349,""
09046392,http://www.stadtentwicklung.berlin.de/cgi-bin/hidaweb/getdoc.pl?DOK_TPL=lda_doc.tpl&KEY=obj%2009046392,"Bernadottestraße 7
",Landhaus Thaden,1922–23 von Günther Paulus,52.476558,13.275391,""
09046393,http://www.stadtentwicklung.berlin.de/cgi-bin/hidaweb/getdoc.pl?DOK_TPL=lda_doc.tpl&KEY=obj%2009046393,"Bettinastraße 3
",Landhaus,1894–95 von Otto March,52.486671,13.264597,""
09046394,http://www.stadtentwicklung.berlin.de/cgi-bin/hidaweb/getdoc.pl?DOK_TPL=lda_doc.tpl&KEY=obj%2009046394,"Bismarckallee
",Straßenbrücke,um 1893,52.487358,13.277238,""
09046395,http://www.stadtentwicklung.berlin.de/cgi-bin/hidaweb/getdoc.pl?DOK_TPL=lda_doc.tpl&KEY=obj%2009046395,"Bismarckallee 10
",Villa Arons,1890–91 von Hermann Solf,52.489261,13.281408,""
09046397,http://www.stadtentwicklung.berlin.de/cgi-bin/hidaweb/getdoc.pl?DOK_TPL=lda_doc.tpl&KEY=obj%2009046397,"Bismarckallee 13A
",ehem. Pförtnerhaus der Villa Griebenow,1903 von Emil Schaudt,52.489653,13.280856,""
09046398,http://www.stadtentwicklung.berlin.de/cgi-bin/hidaweb/getdoc.pl?DOK_TPL=lda_doc.tpl&KEY=obj%2009046398,"Bismarckallee 14
",Villa,"1896 von Ludwig Feuth, Umbau 1905 von A. Schneider",52.488732,13.280148,""
09046399,http://www.stadtentwicklung.berlin.de/cgi-bin/hidaweb/getdoc.pl?DOK_TPL=lda_doc.tpl&KEY=obj%2009046399,"Bismarckallee 16A
",Einfamilienhaus,1938 von Fritz August Breuhaus de Groot,52.488359,13.27939_,""
09046402,http://www.stadtentwicklung.berlin.de/cgi-bin/hidaweb/getdoc.pl?DOK_TPL=lda_doc.tpl&KEY=obj%2009046402,"Bismarckallee 19A, 21 B-D
Herthastraße
",Stallgebäude des Palais Mendelssohn,1896–98 von Ernst von Ihne (siehe Ensemble Bismarckstraße 19A...),52.488791,13.278891,""
09046403,http://www.stadtentwicklung.berlin.de/cgi-bin/hidaweb/getdoc.pl?DOK_TPL=lda_doc.tpl&KEY=obj%2009046403,"Bismarckallee 22
",Landhaus,1910–11 von Adolf Wollenberg,52.486381,13.276174,""
09046404,http://www.stadtentwicklung.berlin.de/cgi-bin/hidaweb/getdoc.pl?DOK_TPL=lda_doc.tpl&KEY=obj%2009046404,"Bismarckallee 24
",Postamt,1897–98 von Havestadt & Contag,52.486081,13.275755,""
09046405,http://www.stadtentwicklung.berlin.de/cgi-bin/hidaweb/getdoc.pl?DOK_TPL=lda_doc.tpl&KEY=obj%2009046405,"Bismarckallee 28B
",Grunewaldkirche,1902–04 von Philipp Nitze,52.484983,13.273749,""
09046406,http://www.stadtentwicklung.berlin.de/cgi-bin/hidaweb/getdoc.pl?DOK_TPL=lda_doc.tpl&KEY=obj%2009046406,"Bismarckallee 42
",Einfamilienhaus,1938 von Hans Joachim Toebelmann,52.484692,13.270848,""
09046407,http://www.stadtentwicklung.berlin.de/cgi-bin/hidaweb/getdoc.pl?DOK_TPL=lda_doc.tpl&KEY=obj%2009046407,"Bismarckallee 44
",Landhaus,1928–29 von Breslauer & Salinger,52.484601,13.270364,""
09046408,http://www.stadtentwicklung.berlin.de/cgi-bin/hidaweb/getdoc.pl?DOK_TPL=lda_doc.tpl&KEY=obj%2009046408,"Bismarckallee 45
Schwedlerstraße
",Landhaus,1921–22 von Hugo und Otto Schellenberg,52.485239,13.270285,""
09046409,http://www.stadtentwicklung.berlin.de/cgi-bin/hidaweb/getdoc.pl?DOK_TPL=lda_doc.tpl&KEY=obj%2009046409,"Bismarckallee 46/48
",Landhaus,1928 von Hugo und Otto Schellenberg,52.484643,13.269785,""
09046410,http://www.stadtentwicklung.berlin.de/cgi-bin/hidaweb/getdoc.pl?DOK_TPL=lda_doc.tpl&KEY=obj%2009046410,"Bismarckplatz
",Wartehalle,1903 von Carl Lange,52.491977,13.28469_,""
09046411,http://www.stadtentwicklung.berlin.de/cgi-bin/hidaweb/getdoc.pl?DOK_TPL=lda_doc.tpl&KEY=obj%2009046411,"Bismarckplatz 1
Caspar-Theyß-Straße Koenigsallee Schinkelstraße
",Umweltbundesamt,1935–37 von Kurt Heinrich Tischer,52.492658,13.282884,""
09046416,http://www.stadtentwicklung.berlin.de/cgi-bin/hidaweb/getdoc.pl?DOK_TPL=lda_doc.tpl&KEY=obj%2009046416,"Brahmsstraße 6/10
",Villa Pannwitz (Schlosshotel im Grunewald),1912–14 von German Bestelmeyer,52.480208,13.274414,""
09046417,http://www.stadtentwicklung.berlin.de/cgi-bin/hidaweb/getdoc.pl?DOK_TPL=lda_doc.tpl&KEY=obj%2009046417,"Brahmsstraße 16/18
",Einfamilienhaus,1929–30 von Franz Seeck,52.479601,13.275345,""
09046418,http://www.stadtentwicklung.berlin.de/cgi-bin/hidaweb/getdoc.pl?DOK_TPL=lda_doc.tpl&KEY=obj%2009046418,"Caspar-Theyß-Straße 1
Herbertstraße 2/6
",Walther-Rathenau-Oberschule,"1902 von Zaar & Vahl, 1926 von Dettmer, 1958–59 vom Hochbauamt Wilmersdorf",52.491436,13.28137_,""
09046422,http://www.stadtentwicklung.berlin.de/cgi-bin/hidaweb/getdoc.pl?DOK_TPL=lda_doc.tpl&KEY=obj%2009046422,"Caspar-Theyß-Straße 5
",Landhaus,1921 von Paul Schulz,52.491785,13.282485,""
09046419,http://www.stadtentwicklung.berlin.de/cgi-bin/hidaweb/getdoc.pl?DOK_TPL=lda_doc.tpl&KEY=obj%2009046419,"Caspar-Theyß-Straße 9
",Mietvilla,1908–09 von Arthur Thomae,52.491699,13.283231,""
09046420,http://www.stadtentwicklung.berlin.de/cgi-bin/hidaweb/getdoc.pl?DOK_TPL=lda_doc.tpl&KEY=obj%2009046420,"Caspar-Theyß-Straße 12
Wangenheimstraße 18
",Einfamilienhaus,1928–29 von Paul Renner,52.491855,13.289172,""
09046421,http://www.stadtentwicklung.berlin.de/cgi-bin/hidaweb/getdoc.pl?DOK_TPL=lda_doc.tpl&KEY=obj%2009046421,"Caspar-Theyß-Straße 17
Humboldtstraße 20
",Villa Gündel,1891 von Ferdinand Dietrich,52.491462,13.287007,""
09046423,http://www.stadtentwicklung.berlin.de/cgi-bin/hidaweb/getdoc.pl?DOK_TPL=lda_doc.tpl&KEY=obj%2009046423,"Clayallee 1
",Grunewaldbaude,1929–30 vom Hochbauamt Zehlendorf,52.474797,13.278152,""
09046428,http://www.stadtentwicklung.berlin.de/cgi-bin/hidaweb/getdoc.pl?DOK_TPL=lda_doc.tpl&KEY=obj%2009046428,"Delbrückstraße 10
",Villa,1906–07 von Hart & Lesser,52.485831,13.278736,""
09046429,http://www.stadtentwicklung.berlin.de/cgi-bin/hidaweb/getdoc.pl?DOK_TPL=lda_doc.tpl&KEY=obj%2009046429,"Delbrückstraße 12
",Villa,1911–12 von Otto Rehmig,52.485541,13.2794_E,""
09046430,http://www.stadtentwicklung.berlin.de/cgi-bin/hidaweb/getdoc.pl?DOK_TPL=lda_doc.tpl&KEY=obj%2009046430,"Delbrückstraße 29
",Haus Vollberg,1939–40 von Egon Eiermann (siehe Gartendenkmal Delbrückstraße 29),52.484066,13.280307,""
09046431,http://www.stadtentwicklung.berlin.de/cgi-bin/hidaweb/getdoc.pl?DOK_TPL=lda_doc.tpl&KEY=obj%2009046431,"Delbrückstraße 29A
",Einfamilienhaus,1939–40 von Peter Großmann,52.484379,13.280694,""
09046432,http://www.stadtentwicklung.berlin.de/cgi-bin/hidaweb/getdoc.pl?DOK_TPL=lda_doc.tpl&KEY=obj%2009046432,"Douglasstraße 2
Koenigsallee 59
",Landhaus,1911–12 von Hugo Maass,52.48323_,13.26392_E,""
09046433,http://www.stadtentwicklung.berlin.de/cgi-bin/hidaweb/getdoc.pl?DOK_TPL=lda_doc.tpl&KEY=obj%2009046433,"Douglasstraße 7/9
",Villa Harteneck,1910–12 von Adolf Wollenberg (siehe Gartendenkmal Douglasstraße 7/9),52.484389,13.262746,""
09046434,http://www.stadtentwicklung.berlin.de/cgi-bin/hidaweb/getdoc.pl?DOK_TPL=lda_doc.tpl&KEY=obj%2009046434,"Douglasstraße 11
",Villa,1912–13 von Hugo Maass,52.484647,13.262294,""
09046435,http://www.stadtentwicklung.berlin.de/cgi-bin/hidaweb/getdoc.pl?DOK_TPL=lda_doc.tpl&KEY=obj%2009046435,"Douglasstraße 12
Gustav-Freytag-Straße 2/4 Oberhaardter Weg 32
",Haus Flechtheim,1928–29 von Otto Rudolf Salvisberg,52.483933,13.262304,""
09046436,http://www.stadtentwicklung.berlin.de/cgi-bin/hidaweb/getdoc.pl?DOK_TPL=lda_doc.tpl&KEY=obj%2009046436,"Douglasstraße 15/17
",Haus Epstein,1922–25 von Oskar Kaufmann,52.485045,13.261072,""
09046437,http://www.stadtentwicklung.berlin.de/cgi-bin/hidaweb/getdoc.pl?DOK_TPL=lda_doc.tpl&KEY=obj%2009046437,"Douglasstraße 18
",Landhaus,1924–25 von Breslauer & Salinger,52.48464_,13.26105_E,""
09046438,http://www.stadtentwicklung.berlin.de/cgi-bin/hidaweb/getdoc.pl?DOK_TPL=lda_doc.tpl&KEY=obj%2009046438,"Douglasstraße 20
",Villa,1898 von Heinrich Franßen,52.484753,13.260704,""
09046439,http://www.stadtentwicklung.berlin.de/cgi-bin/hidaweb/getdoc.pl?DOK_TPL=lda_doc.tpl&KEY=obj%2009046439,"Douglasstraße 22–22A
",Doppelvilla,1901–02 von Wilhelm Körner,52.4849_N,.260404_E,""
09046440,http://www.stadtentwicklung.berlin.de/cgi-bin/hidaweb/getdoc.pl?DOK_TPL=lda_doc.tpl&KEY=obj%2009046440,"Douglasstraße 24/28
",Landhaus Erxleben,1907 von Hart & Lesser,52.485374,13.260109,""
09046441,http://www.stadtentwicklung.berlin.de/cgi-bin/hidaweb/getdoc.pl?DOK_TPL=lda_doc.tpl&KEY=obj%2009046441,"Erbacher Straße 4
",Landhaus,1912 von Hermann Dernburg,52.49238_,13.27498_E,""
09046442,http://www.stadtentwicklung.berlin.de/cgi-bin/hidaweb/getdoc.pl?DOK_TPL=lda_doc.tpl&KEY=obj%2009046442,"Erdener Straße 4
Wissmannstraße 1
",Villa,1903–04 von Ludwig Otte und Otto Wipperling,52.490662,13.274728,""
09046443,http://www.stadtentwicklung.berlin.de/cgi-bin/hidaweb/getdoc.pl?DOK_TPL=lda_doc.tpl&KEY=obj%2009046443,"Erdener Straße 5–5A
",Doppelvilla,1901–02 von Heinrich Franßen,52.491135,13.274353,""
09046444,http://www.stadtentwicklung.berlin.de/cgi-bin/hidaweb/getdoc.pl?DOK_TPL=lda_doc.tpl&KEY=obj%2009046444,"Erdener Straße 8
Gneiststraße 2
",Landhaus,"1904–05 von Max Ravoth, 1911 von Hermann Muthesius",52.490779,13.273836,""
09046445,http://www.stadtentwicklung.berlin.de/cgi-bin/hidaweb/getdoc.pl?DOK_TPL=lda_doc.tpl&KEY=obj%2009046445,"Fontanestraße 12A
",Landhaus,1925–26 von Joseph Meyer,52.485177,13.264378,""
09046446,http://www.stadtentwicklung.berlin.de/cgi-bin/hidaweb/getdoc.pl?DOK_TPL=lda_doc.tpl&KEY=obj%2009046446,"Fontanestraße 14
",Einfamilienhaus,1938–39 von Carl M. Moritz,52.484935,13.26473_,""
09046447,http://www.stadtentwicklung.berlin.de/cgi-bin/hidaweb/getdoc.pl?DOK_TPL=lda_doc.tpl&KEY=obj%2009046447,"Fontanestraße 21/23
",Landhaus Schreckhas,1893 von Otto March,52.483818,13.265232,""
09046448,http://www.stadtentwicklung.berlin.de/cgi-bin/hidaweb/getdoc.pl?DOK_TPL=lda_doc.tpl&KEY=obj%2009046448,"Furtwänglerstraße 3/5
",Gemeindehaus,1902 von Philipp Nitze; Umbau 1923,52.483913,13.275128,""
09046449,http://www.stadtentwicklung.berlin.de/cgi-bin/hidaweb/getdoc.pl?DOK_TPL=lda_doc.tpl&KEY=obj%2009046449,"Furtwänglerstraße 4
",Landhaus,1893–94 von Georg Böhme,52.484623,13.274906,""
09046450,http://www.stadtentwicklung.berlin.de/cgi-bin/hidaweb/getdoc.pl?DOK_TPL=lda_doc.tpl&KEY=obj%2009046450,"Furtwänglerstraße 15
",Landhaus Imelmann,1898–99 von Cremer & Wolffenstein,52.482807,13.277321,""
09046452,http://www.stadtentwicklung.berlin.de/cgi-bin/hidaweb/getdoc.pl?DOK_TPL=lda_doc.tpl&KEY=obj%2009046452,"Furtwänglerstraße 25
Hubertusbader Straße 25
",Villa Büttner,1896 von Arnold Hartmann,52.481827,13.279146,""
09046453,http://www.stadtentwicklung.berlin.de/cgi-bin/hidaweb/getdoc.pl?DOK_TPL=lda_doc.tpl&KEY=obj%2009046453,"Gillweg 3
Hubertusallee 6/8
",Appartementehochhaus,1956–58 von Felix Hinssen,52.493984,13.285773,""
09046454,http://www.stadtentwicklung.berlin.de/cgi-bin/hidaweb/getdoc.pl?DOK_TPL=lda_doc.tpl&KEY=obj%2009046454,"Gottfried-von-Cramm-Weg 33/37
",Haus Konschewski,1922–24 von Oskar Kaufmann (siehe Gartendenkmal Gottfried-von-Cramm-Weg 33/37),52.483668,13.260126,""
09010221,http://www.stadtentwicklung.berlin.de/cgi-bin/hidaweb/getdoc.pl?DOK_TPL=lda_doc.tpl&KEY=obj%2009010221,"Gottfried-von-Cramm-Weg 47/55
",Clubhaus des LTTC Rot-Weiß,1958–59 von Paul G. R. Baumgarten,52.484192,13.258561,""
09046455,http://www.stadtentwicklung.berlin.de/cgi-bin/hidaweb/getdoc.pl?DOK_TPL=lda_doc.tpl&KEY=obj%2009046455,"Griegstraße 1/3
",Landhaus,1923 von Matthäus Heinrich Nikischstraße 2,52.480627,13.266257,""
09046456,http://www.stadtentwicklung.berlin.de/cgi-bin/hidaweb/getdoc.pl?DOK_TPL=lda_doc.tpl&KEY=obj%2009046456,"Griegstraße 5/7
",Landhaus Heidemann,1927–29 von Breslauer & Salinger (siehe Gartendenkmal Griegstraße 5/7),52.480156,13.266918,""
09046457,http://www.stadtentwicklung.berlin.de/cgi-bin/hidaweb/getdoc.pl?DOK_TPL=lda_doc.tpl&KEY=obj%2009046457,"Griegstraße 9/11
",Landhaus,1927–29 von Heinz Reifenberg,52.479977,13.267636,""
09046458,http://www.stadtentwicklung.berlin.de/cgi-bin/hidaweb/getdoc.pl?DOK_TPL=lda_doc.tpl&KEY=obj%2009046458,"Griegstraße 14
",Landhaus,1923–24 von Joseph Meyer,52.480277,13.268541,""
09046459,http://www.stadtentwicklung.berlin.de/cgi-bin/hidaweb/getdoc.pl?DOK_TPL=lda_doc.tpl&KEY=obj%2009046459,"Griegstraße 19/21
Spohrstraße 10
",Landhaus,1924–25 von Max Landsberg,52.479167,13.269371,""
09046460,http://www.stadtentwicklung.berlin.de/cgi-bin/hidaweb/getdoc.pl?DOK_TPL=lda_doc.tpl&KEY=obj%2009046460,"Griegstraße 29
",Einfamilienhaus,1934–35 von Fritz August Breuhaus de Groot,52.478449,13.271019,""
09046461,http://www.stadtentwicklung.berlin.de/cgi-bin/hidaweb/getdoc.pl?DOK_TPL=lda_doc.tpl&KEY=obj%2009046461,"Griegstraße 31
",Einfamilienhaus,1933 von Fritz August Breuhaus de Groot (siehe Gartendenkmal Griegstraße 31),52.47824_,13.271414_,""
09046462,http://www.stadtentwicklung.berlin.de/cgi-bin/hidaweb/getdoc.pl?DOK_TPL=lda_doc.tpl&KEY=obj%2009046462,"Griegstraße 37
",Haus Tänzer,1927–28 von Otto Rudolf Salvisberg,52.477663,13.272646,""
09046463,http://www.stadtentwicklung.berlin.de/cgi-bin/hidaweb/getdoc.pl?DOK_TPL=lda_doc.tpl&KEY=obj%2009046463,"Griegstraße 41
",Landhaus,1923–24 von Mebes & Emmerich,52.477246,13.273281,""
09046464,http://www.stadtentwicklung.berlin.de/cgi-bin/hidaweb/getdoc.pl?DOK_TPL=lda_doc.tpl&KEY=obj%2009046464,"Gustav-Freytag-Straße 9
",Wohnhaus,1923–24 von Berthold Bleier,52.482969,13.260864,""
09046465,http://www.stadtentwicklung.berlin.de/cgi-bin/hidaweb/getdoc.pl?DOK_TPL=lda_doc.tpl&KEY=obj%2009046465,"Gustav-Freytag-Straße 13
",Einfamilienhaus,1926–27 von Otto Rudolf Salvisberg,52.482452,13.261267,""
09046466,http://www.stadtentwicklung.berlin.de/cgi-bin/hidaweb/getdoc.pl?DOK_TPL=lda_doc.tpl&KEY=obj%2009046466,"Gustav-Freytag-Straße 15
",Einfamilienhaus,1928–29 von Michael Rachlis,52.482189,13.261334,""
09046467,http://www.stadtentwicklung.berlin.de/cgi-bin/hidaweb/getdoc.pl?DOK_TPL=lda_doc.tpl&KEY=obj%2009046467,"Hagenplatz 2
",Kiosk/Wartehalle,1913–14 von Zaar & Vahl,52.483719,13.266767,""
09046468,http://www.stadtentwicklung.berlin.de/cgi-bin/hidaweb/getdoc.pl?DOK_TPL=lda_doc.tpl&KEY=obj%2009046468,"Hagenplatz 5
",Villa Müller-Breslau,1893–94 von Otto Stahn,52.483293,13.26704_,""
09046469,http://www.stadtentwicklung.berlin.de/cgi-bin/hidaweb/getdoc.pl?DOK_TPL=lda_doc.tpl&KEY=obj%2009046469,"Hagenplatz 7
",Villa Holmgren,1897 von Fritz Goltsch,52.483073,13.266889,""
09046470,http://www.stadtentwicklung.berlin.de/cgi-bin/hidaweb/getdoc.pl?DOK_TPL=lda_doc.tpl&KEY=obj%2009046470,"Hagenstraße 1
Koenigsallee 52
",Mietvilla,1898 von Wilhelm Körner (siehe Ensemble Koenigsallee 52/56),52.482916,13.265646,""
09046473,http://www.stadtentwicklung.berlin.de/cgi-bin/hidaweb/getdoc.pl?DOK_TPL=lda_doc.tpl&KEY=obj%2009046473,"Hagenstraße 3
",Landhaus Woringer,1894–95 von Eugen Confeld von Felbert,52.482616,13.265825,""
09046472,http://www.stadtentwicklung.berlin.de/cgi-bin/hidaweb/getdoc.pl?DOK_TPL=lda_doc.tpl&KEY=obj%2009046472,"Hagenstraße 8
Klindworthsteig 3
",Villa Oppler,1910 von Max Landsberg,52.481812,13.26831_,""
09046474,http://www.stadtentwicklung.berlin.de/cgi-bin/hidaweb/getdoc.pl?DOK_TPL=lda_doc.tpl&KEY=obj%2009046474,"Hagenstraße 9
",Landhaus,1903–04 von Karl Eduard Bangert,52.48199_,13.266662_,""
09046475,http://www.stadtentwicklung.berlin.de/cgi-bin/hidaweb/getdoc.pl?DOK_TPL=lda_doc.tpl&KEY=obj%2009046475,"Hagenstraße 16
",Mietvilla,1893–94 von Fritz Possin,52.481031,13.269857,""
09046476,http://www.stadtentwicklung.berlin.de/cgi-bin/hidaweb/getdoc.pl?DOK_TPL=lda_doc.tpl&KEY=obj%2009046476,"Hagenstraße 23
",Villa,1901–02 von C. Schütze,52.480899,13.268908,""
09046477,http://www.stadtentwicklung.berlin.de/cgi-bin/hidaweb/getdoc.pl?DOK_TPL=lda_doc.tpl&KEY=obj%2009046477,"Hagenstraße 28
",Landhaus,1910–11 von Rosenwald & Riesenfeld,52.479635,13.272907,""
09046478,http://www.stadtentwicklung.berlin.de/cgi-bin/hidaweb/getdoc.pl?DOK_TPL=lda_doc.tpl&KEY=obj%2009046478,"Hagenstraße 30
",Landhaus,1923–24 von Paul Zucker,52.479475,13.273144,""
09046479,http://www.stadtentwicklung.berlin.de/cgi-bin/hidaweb/getdoc.pl?DOK_TPL=lda_doc.tpl&KEY=obj%2009046479,"Hagenstraße 36
",Einfamilienhaus,1925–26 von Hans Jessen,52.479009,13.274048,""
09046482,http://www.stadtentwicklung.berlin.de/cgi-bin/hidaweb/getdoc.pl?DOK_TPL=lda_doc.tpl&KEY=obj%2009046482,"Havelchaussee
",König-Wilhelm-Turm (Grunewaldturm),1897–98 von Franz Schwechten,52.478192,13.196723,""
09046483,http://www.stadtentwicklung.berlin.de/cgi-bin/hidaweb/getdoc.pl?DOK_TPL=lda_doc.tpl&KEY=obj%2009046483,"Herbertstraße 5
Schleinitzstraße 2
",Villa,1897–98 von Hugo Maass,52.488552,13.282305,""
09046484,http://www.stadtentwicklung.berlin.de/cgi-bin/hidaweb/getdoc.pl?DOK_TPL=lda_doc.tpl&KEY=obj%2009046484,"Herbertstraße 10
",Villa,1908 von Carl Kühn,52.489406,13.282486,""
09046485,http://www.stadtentwicklung.berlin.de/cgi-bin/hidaweb/getdoc.pl?DOK_TPL=lda_doc.tpl&KEY=obj%2009046485,"Herbertstraße 15
",Villa,1901 von Max Ravoth,52.487563,13.282978,""
09046487,http://www.stadtentwicklung.berlin.de/cgi-bin/hidaweb/getdoc.pl?DOK_TPL=lda_doc.tpl&KEY=obj%2009046487,"Herbertstraße 20
",Villa Kalisch-Lehmann,1890 von Hermann Solf,52.48837_,13.283138_,""
09046488,http://www.stadtentwicklung.berlin.de/cgi-bin/hidaweb/getdoc.pl?DOK_TPL=lda_doc.tpl&KEY=obj%2009046488,"Herthastraße 1
",Parkportal der ehem. Villa Koenigs,1896 von Ernst von Ihne (?),52.49025_,13.278305_,""
09046489,http://www.stadtentwicklung.berlin.de/cgi-bin/hidaweb/getdoc.pl?DOK_TPL=lda_doc.tpl&KEY=obj%2009046489,"Herthastraße 4
",Villa Wieck,1890–91 von Heinrich Seeling (Äußeres) und Bernhard Wieck (Grundrisse),52.489595,13.27915_,""
09046490,http://www.stadtentwicklung.berlin.de/cgi-bin/hidaweb/getdoc.pl?DOK_TPL=lda_doc.tpl&KEY=obj%2009046490,"Herthastraße 5
",Pförtnerhaus des Palais Mendelssohn,1896–98 von Ernst von Ihne (siehe Ensemble Bismarckallee 19A...),52.488935,13.278123,""
09046492,http://www.stadtentwicklung.berlin.de/cgi-bin/hidaweb/getdoc.pl?DOK_TPL=lda_doc.tpl&KEY=obj%2009046492,"Höhmannstraße
Koenigsallee Regerstraße
",Treppenanlage,um 1910,52.480461,13.262885,""
09046493,http://www.stadtentwicklung.berlin.de/cgi-bin/hidaweb/getdoc.pl?DOK_TPL=lda_doc.tpl&KEY=obj%2009046493,"Höhmannstraße 1
Oberhaardter Weg 15
",Landhaus,1915–16 von Paul Nathansohn,52.48192_,13.264395_,""
09046494,http://www.stadtentwicklung.berlin.de/cgi-bin/hidaweb/getdoc.pl?DOK_TPL=lda_doc.tpl&KEY=obj%2009046494,"Höhmannstraße 2
Oberhaardter Weg 9/11
",Landhaus,"1911–12 von von Paul O. A. Baumgarten, Erweiterung, 1914 durch Bielenberg & Moser",52.481531,13.264966,""
09046495,http://www.stadtentwicklung.berlin.de/cgi-bin/hidaweb/getdoc.pl?DOK_TPL=lda_doc.tpl&KEY=obj%2009046495,"Höhmannstraße 9
",Landhaus,1911–12 von Albert Geßner,52.481124,13.263434,""
09046496,http://www.stadtentwicklung.berlin.de/cgi-bin/hidaweb/getdoc.pl?DOK_TPL=lda_doc.tpl&KEY=obj%2009046496,"Höhmannstraße 10
Regerstraße 17
",Landhaus Ullstein mit Chauffeurshaus,1930–31 von Breslauer & Salinger,52.480506,13.264118,""
09046497,http://www.stadtentwicklung.berlin.de/cgi-bin/hidaweb/getdoc.pl?DOK_TPL=lda_doc.tpl&KEY=obj%2009046497,"Höhmannstraße 13
Koenigsallee 72
",Landhaus,1912–13 von Fritzsche & Löhbach,52.480673,13.262937,""
09046498,http://www.stadtentwicklung.berlin.de/cgi-bin/hidaweb/getdoc.pl?DOK_TPL=lda_doc.tpl&KEY=obj%2009046498,"Hubertusallee 10–10A
",Miets- und Geschäftshaus,1892–93 von Heinrich Franßen,52.493438,13.285564,""
09046499,http://www.stadtentwicklung.berlin.de/cgi-bin/hidaweb/getdoc.pl?DOK_TPL=lda_doc.tpl&KEY=obj%2009046499,"Hubertusallee 25
",Bungalow,1960–61 von Hans Faßbender und Gerhard Mohs,52.489959,13.284393,""
09046500,http://www.stadtentwicklung.berlin.de/cgi-bin/hidaweb/getdoc.pl?DOK_TPL=lda_doc.tpl&KEY=obj%2009046500,"Hubertusallee 28
",Villa,1890–91 von Heinrich Klinke,52.490055,13.285093,""
09046501,http://www.stadtentwicklung.berlin.de/cgi-bin/hidaweb/getdoc.pl?DOK_TPL=lda_doc.tpl&KEY=obj%2009046501,"Hubertusallee 34
",Mietvilla,1904–05 von Carl Bäsell,52.488846,13.284986,""
09046502,http://www.stadtentwicklung.berlin.de/cgi-bin/hidaweb/getdoc.pl?DOK_TPL=lda_doc.tpl&KEY=obj%2009046502,"Hubertusallee 41
",Villa,1906–07 von Hugo Tietz,52.487767,13.284058,""
09046503,http://www.stadtentwicklung.berlin.de/cgi-bin/hidaweb/getdoc.pl?DOK_TPL=lda_doc.tpl&KEY=obj%2009046503,"Hubertusallee 43
",Villa (Aserbaidschanische Botschaft in Berlin),1909–10 von Adolf Langhammer,52.487541,13.284068,""
09046491,http://www.stadtentwicklung.berlin.de/cgi-bin/hidaweb/getdoc.pl?DOK_TPL=lda_doc.tpl&KEY=obj%2009046491,"Hubertusallee 49
Herthastraße 21, 23, 25
",Bootshaus,um 1920,52.486044,13.281894,""
09046504,http://www.stadtentwicklung.berlin.de/cgi-bin/hidaweb/getdoc.pl?DOK_TPL=lda_doc.tpl&KEY=obj%2009046504,"Hubertusbader Straße 22/24
Kronberger Straße 1/3 Taunusstraße 2/4
",Haus Cohn,1925 von Otto Firle,52.480439,13.27853_,""
09046505,http://www.stadtentwicklung.berlin.de/cgi-bin/hidaweb/getdoc.pl?DOK_TPL=lda_doc.tpl&KEY=obj%2009046505,"Hubertusbader Straße 35
Knausstraße 18
",Landhaus,1929–30 von Otto Ortel,52.47996_,13.277015_,""
09046506,http://www.stadtentwicklung.berlin.de/cgi-bin/hidaweb/getdoc.pl?DOK_TPL=lda_doc.tpl&KEY=obj%2009046506,"Humboldtstraße 13
",Mietshaus,1896 von Robert Borchert,52.493412,13.286489,""
09046507,http://www.stadtentwicklung.berlin.de/cgi-bin/hidaweb/getdoc.pl?DOK_TPL=lda_doc.tpl&KEY=obj%2009046507,"Humboldtstraße 34
Lynarstraße
",Mietshaus,1908–09 von Otto Hausherr,52.489594,13.286774,""
09046508,http://www.stadtentwicklung.berlin.de/cgi-bin/hidaweb/getdoc.pl?DOK_TPL=lda_doc.tpl&KEY=obj%2009046508,"Im Jagen 20B
",Polizeistation Hundekehle,1907–08 von Walter Kern,52.476318,13.264231,""
09046509,http://www.stadtentwicklung.berlin.de/cgi-bin/hidaweb/getdoc.pl?DOK_TPL=lda_doc.tpl&KEY=obj%2009046509,"Knausstraße 4
",Villa,1915 von Sepp Kaiser,52.481162,13.274588,""
09046510,http://www.stadtentwicklung.berlin.de/cgi-bin/hidaweb/getdoc.pl?DOK_TPL=lda_doc.tpl&KEY=obj%2009046510,"Knausstraße 14
",Mietvilla,1907 von Bruno Neubauer,52.480352,13.276188,""
09046511,http://www.stadtentwicklung.berlin.de/cgi-bin/hidaweb/getdoc.pl?DOK_TPL=lda_doc.tpl&KEY=obj%2009046511,"Koenigsallee 17B/19
",Landhaus mit Chauffeurshaus,1921–22 von Risse & Bett (siehe Gartendenkmal Koenigsallee 17B/19),52.490775,13.27831_,""
09046512,http://www.stadtentwicklung.berlin.de/cgi-bin/hidaweb/getdoc.pl?DOK_TPL=lda_doc.tpl&KEY=obj%2009046512,"Koenigsallee 20–20A
Delbrückstraße 2
",Villa,1912–19 von Wilhelm Walther (siehe Gartendenkmal Koenigsallee 20–20A),52.48787_,13.27466_E,""
09046513,http://www.stadtentwicklung.berlin.de/cgi-bin/hidaweb/getdoc.pl?DOK_TPL=lda_doc.tpl&KEY=obj%2009046513,"Koenigsallee 30/32
",Villa Habel (Löwenpalais),1903–04 von Bernhard Sehring,52.486333,13.271459,""
09046514,http://www.stadtentwicklung.berlin.de/cgi-bin/hidaweb/getdoc.pl?DOK_TPL=lda_doc.tpl&KEY=obj%2009046514,"Koenigsallee 47
",Landhaus Hirschberg,1906–07 von Max Ravoth (siehe Gartendenkmal Koenigsallee 47–47A),52.485404,13.26809_,""
09046515,http://www.stadtentwicklung.berlin.de/cgi-bin/hidaweb/getdoc.pl?DOK_TPL=lda_doc.tpl&KEY=obj%2009046515,"Koenigsallee 49
",Landhaus,1939–40 von Hugo Schellenberg,52.485129,13.267793,""
09046518,http://www.stadtentwicklung.berlin.de/cgi-bin/hidaweb/getdoc.pl?DOK_TPL=lda_doc.tpl&KEY=obj%2009046518,"Koenigsallee 58
Oberhaardter Weg 20
",Landhaus,1923 von Andreas Gossler,52.482526,13.264154,""
09046519,http://www.stadtentwicklung.berlin.de/cgi-bin/hidaweb/getdoc.pl?DOK_TPL=lda_doc.tpl&KEY=obj%2009046519,"Koenigsallee 62
",Landhaus,1913–14 von Richard Halfter,52.482079,13.263139,""
09046520,http://www.stadtentwicklung.berlin.de/cgi-bin/hidaweb/getdoc.pl?DOK_TPL=lda_doc.tpl&KEY=obj%2009046520,"Koenigsallee 63
Oberhaardter Weg 23
",Landhaus,1910–11 von Heinrich Straumer und Hans Hermann,52.482685,13.262765,""
09046521,http://www.stadtentwicklung.berlin.de/cgi-bin/hidaweb/getdoc.pl?DOK_TPL=lda_doc.tpl&KEY=obj%2009046521,"Koenigsallee 64
",Landhaus,1912–13 von Adolf Wollenberg,52.481811,13.262909,""
09046522,http://www.stadtentwicklung.berlin.de/cgi-bin/hidaweb/getdoc.pl?DOK_TPL=lda_doc.tpl&KEY=obj%2009046522,"Koenigsallee 65
",Villa Rathenau,1910 von Walther Rathenau und Johannes Kraaz (siehe Gartendenkmal Koenigsallee 65),52.482481,13.262427,""
09046523,http://www.stadtentwicklung.berlin.de/cgi-bin/hidaweb/getdoc.pl?DOK_TPL=lda_doc.tpl&KEY=obj%2009046523,"Königsmarckstraße 8
",Einfamilienhaus,1936 von Siegfried Kaprowski,52.476698,13.278073,""
09046525,http://www.stadtentwicklung.berlin.de/cgi-bin/hidaweb/getdoc.pl?DOK_TPL=lda_doc.tpl&KEY=obj%2009046525,"Kronberger Straße 5
Taunusstraße 3
",Landhaus,1905–06 von Karl Eduard Bangert,52.479831,13.278392,""
09046526,http://www.stadtentwicklung.berlin.de/cgi-bin/hidaweb/getdoc.pl?DOK_TPL=lda_doc.tpl&KEY=obj%2009046526,"Kronberger Straße 7/9
Hubertusbader Straße 28 Reuterpfad 2/4
",Landhaus Andreae,1913–14 von Breslauer & Salinger (siehe Gartendenkmal Kronberger Straße 7/9),52.47935_,13.278346_,""
09046530,http://www.stadtentwicklung.berlin.de/cgi-bin/hidaweb/getdoc.pl?DOK_TPL=lda_doc.tpl&KEY=obj%2009046530,"Kunz-Buntschuh-Straße 11
",Landhaus mit Stall,1891 von Carl Lange,52.49279_,13.285908_,""
09046531,http://www.stadtentwicklung.berlin.de/cgi-bin/hidaweb/getdoc.pl?DOK_TPL=lda_doc.tpl&KEY=obj%2009046531,"Lassenstraße 4
",Haus Wilhelm Wertheim,"1897–98 von Alfred Messel und Martin Altgelt, 1925–26 Erweiterung von Willy Lorch",52.486798,13.27411_,""
09046532,http://www.stadtentwicklung.berlin.de/cgi-bin/hidaweb/getdoc.pl?DOK_TPL=lda_doc.tpl&KEY=obj%2009046532,"Lassenstraße 11/15
",Villa Ramelow,1895–96 von P. Schaede (siehe Gartendenkmal Lassenstraße 11/15),52.485145,13.275174,""
09046534,http://www.stadtentwicklung.berlin.de/cgi-bin/hidaweb/getdoc.pl?DOK_TPL=lda_doc.tpl&KEY=obj%2009046534,"Lassenstraße 16/20
",Hildegard-Wegscheider-Oberschule,"1897 von Zaar & Vahl, 1908 von Carl Lange (siehe Ensemble Lassenstraße 16/22)",52.48513_,13.276752_,""
09046602,http://www.stadtentwicklung.berlin.de/cgi-bin/hidaweb/getdoc.pl?DOK_TPL=lda_doc.tpl&KEY=obj%2009046602,"Lassenstraße 17
",Landhaus,1894 von H. Hoffmann,52.4847_N,.276176_E,""
09046535,http://www.stadtentwicklung.berlin.de/cgi-bin/hidaweb/getdoc.pl?DOK_TPL=lda_doc.tpl&KEY=obj%2009046535,"Lassenstraße 19/21
",Landhaus,1913 von Paul Karchow,52.484443,13.276593,""
09046536,http://www.stadtentwicklung.berlin.de/cgi-bin/hidaweb/getdoc.pl?DOK_TPL=lda_doc.tpl&KEY=obj%2009046536,"Lassenstraße 22
",Mietshaus,"ehem. Direktorenwohnhaus der Hildegard-Wegscheider-Oberschule, 1908 von Carl Lange (siehe Ensemble Lassenstraße 16/22)",52.484741,13.277186,""
09046537,http://www.stadtentwicklung.berlin.de/cgi-bin/hidaweb/getdoc.pl?DOK_TPL=lda_doc.tpl&KEY=obj%2009046537,"Lassenstraße 23
Richard-Strauss-Straße 11
",Doppelhaus,1913 von Hans Hermann,52.484101,13.2772_E,""
09046538,http://www.stadtentwicklung.berlin.de/cgi-bin/hidaweb/getdoc.pl?DOK_TPL=lda_doc.tpl&KEY=obj%2009046538,"Lassenstraße 30
",Landhaus,1902 von Otto Stahn,52.48371_,13.279103_,""
09046539,http://www.stadtentwicklung.berlin.de/cgi-bin/hidaweb/getdoc.pl?DOK_TPL=lda_doc.tpl&KEY=obj%2009046539,"Lassenstraße 32/36
",Landhaus Prieger,"1911–12 von Cremer & Wolffenstein, 1924 Erweiterung von Bruno Paul",52.483371,13.279685,""
09046540,http://www.stadtentwicklung.berlin.de/cgi-bin/hidaweb/getdoc.pl?DOK_TPL=lda_doc.tpl&KEY=obj%2009046540,"Lynarstraße 1A/3
",Mietvilla,1890 von Friedrich Schulze,52.490032,13.279371,""
09046542,http://www.stadtentwicklung.berlin.de/cgi-bin/hidaweb/getdoc.pl?DOK_TPL=lda_doc.tpl&KEY=obj%2009046542,"Lynarstraße 11
",Landhaus,1902 von Schultz & Stegmüller,52.489506,13.283472,""
09046543,http://www.stadtentwicklung.berlin.de/cgi-bin/hidaweb/getdoc.pl?DOK_TPL=lda_doc.tpl&KEY=obj%2009046543,"Lynarstraße 21
Wangenheimstraße 35
",Landhaus,1906–07 von Oskar Otto Müller,52.488959,13.287775,""
09046545,http://www.stadtentwicklung.berlin.de/cgi-bin/hidaweb/getdoc.pl?DOK_TPL=lda_doc.tpl&KEY=obj%2009046545,"Margaretenstraße 5
",Mietvilla,"1895–96 von Carl Bräuer (siehe Ensemble Margaretenstraße 5, 10)",52.494728,13.282771,""
09046546,http://www.stadtentwicklung.berlin.de/cgi-bin/hidaweb/getdoc.pl?DOK_TPL=lda_doc.tpl&KEY=obj%2009046546,"Margaretenstraße 10
",Mietvilla,"1895–96 von Carl Bräuer (siehe Ensemble Margaretenstraße 5, 10 und Gartendenkmal Margaretenstraße 10)",52.495046,13.283131,""
09046547,http://www.stadtentwicklung.berlin.de/cgi-bin/hidaweb/getdoc.pl?DOK_TPL=lda_doc.tpl&KEY=obj%2009046547,"Menzelstraße 9
",Landhaus,1913–14 von Carl Bäsell,52.482115,13.269055,""
09046549,http://www.stadtentwicklung.berlin.de/cgi-bin/hidaweb/getdoc.pl?DOK_TPL=lda_doc.tpl&KEY=obj%2009046549,"Paulsborner Straße 41
Wangenheimstraße 38A
",Landhaus,1892–93 von Bodo Ebhardt,52.488598,13.288349,""
09046550,http://www.stadtentwicklung.berlin.de/cgi-bin/hidaweb/getdoc.pl?DOK_TPL=lda_doc.tpl&KEY=obj%2009046550,"Paulsborner Straße 50A
",Landhaus,1913 von Wilhelm Jost,52.487488,13.287311,""
09046551,http://www.stadtentwicklung.berlin.de/cgi-bin/hidaweb/getdoc.pl?DOK_TPL=lda_doc.tpl&KEY=obj%2009046551,"Paulsborner Straße 52–53
",Villa Sprickerhof,"1905–06 von Albert Sprickerhof, 1959–60 von Heinz Schudnagies",52.488284,13.288728,""
09046552,http://www.stadtentwicklung.berlin.de/cgi-bin/hidaweb/getdoc.pl?DOK_TPL=lda_doc.tpl&KEY=obj%2009046552,"Regerstraße 5
",Einfamilienhaus,1927–29 von Heinz Reifenberg,52.47963_,13.267194_,""
09046555,http://www.stadtentwicklung.berlin.de/cgi-bin/hidaweb/getdoc.pl?DOK_TPL=lda_doc.tpl&KEY=obj%2009046555,"Richard-Strauss-Straße 23
",Landhaus,1898–99 von Zaar & Vahl,52.482227,13.274464,""
09046557,http://www.stadtentwicklung.berlin.de/cgi-bin/hidaweb/getdoc.pl?DOK_TPL=lda_doc.tpl&KEY=obj%2009046557,"Schwedlerstraße 9–9A
",Doppelvilla,1898–99 von Zaar & Vahl,52.4857_N,.271525_E,""
09046559,http://www.stadtentwicklung.berlin.de/cgi-bin/hidaweb/getdoc.pl?DOK_TPL=lda_doc.tpl&KEY=obj%2009046559,"Spohrstraße 6
",Einfamilienhaus,1936 von Fritz August Breuhaus de Groot,52.478646,13.268944,""
09046560,http://www.stadtentwicklung.berlin.de/cgi-bin/hidaweb/getdoc.pl?DOK_TPL=lda_doc.tpl&KEY=obj%2009046560,"Spohrstraße 8
",Einfamilienhaus,1936 von Fritz August Breuhaus de Groot,52.478788,13.269075,""
09046563,http://www.stadtentwicklung.berlin.de/cgi-bin/hidaweb/getdoc.pl?DOK_TPL=lda_doc.tpl&KEY=obj%2009046563,"Straße am Schildhorn 2
",Wohnhaus,1867 (siehe Ensemble Straße am Schildhorn 2–4B),52.494258,13.198428,""
09046564,http://www.stadtentwicklung.berlin.de/cgi-bin/hidaweb/getdoc.pl?DOK_TPL=lda_doc.tpl&KEY=obj%2009046564,"Straße am Schildhorn 3
",Wohnhaus,1869 von Sambach (?)(siehe Ensemble Straße am Schildhorn 2–4B),52.494012,13.198371,""
09046565,http://www.stadtentwicklung.berlin.de/cgi-bin/hidaweb/getdoc.pl?DOK_TPL=lda_doc.tpl&KEY=obj%2009046565,"Straße am Schildhorn 4A
",Restauranthalle,1894 von A. Merker (?) (siehe Ensemble Straße am Schildhorn 2–4B),52.493809,13.197884,""
09046562,http://www.stadtentwicklung.berlin.de/cgi-bin/hidaweb/getdoc.pl?DOK_TPL=lda_doc.tpl&KEY=obj%2009046562,"Straße am Schildhorn 4B
",Restauranthalle,1881 von C. Jakob (?) (siehe Ensemble Straße am Schildhorn 2–4B),52.494119,13.198002,""
09046566,http://www.stadtentwicklung.berlin.de/cgi-bin/hidaweb/getdoc.pl?DOK_TPL=lda_doc.tpl&KEY=obj%2009046566,"Taubertstraße 6/8
",Landhaus,1914 von Hugo und Otto Schellenberg,52.481183,13.271568,""
09046548,http://www.stadtentwicklung.berlin.de/cgi-bin/hidaweb/getdoc.pl?DOK_TPL=lda_doc.tpl&KEY=obj%2009046548,"Taubertstraße 14
Menzelstraße
",Landhaus,1922–23 von Hugo und Otto Schellenberg,52.482426,13.27233_,""
09046567,http://www.stadtentwicklung.berlin.de/cgi-bin/hidaweb/getdoc.pl?DOK_TPL=lda_doc.tpl&KEY=obj%2009046567,"Taubertstraße 18
",Landhaus,1928–29 von Bielenberg & Moser,52.483463,13.271443,""
09046568,http://www.stadtentwicklung.berlin.de/cgi-bin/hidaweb/getdoc.pl?DOK_TPL=lda_doc.tpl&KEY=obj%2009046568,"Taunusstraße 7
",Landhaus,1908 von Fritz Behrendt,52.4797_N,.279712_E,""
09046558,http://www.stadtentwicklung.berlin.de/cgi-bin/hidaweb/getdoc.pl?DOK_TPL=lda_doc.tpl&KEY=obj%2009046558,"Toni-Lessler-Straße 23
",Villa Meyer mit Einfriedung,1897–98 von Arnold Hartmann,52.481075,13.278306,""
09046569,http://www.stadtentwicklung.berlin.de/cgi-bin/hidaweb/getdoc.pl?DOK_TPL=lda_doc.tpl&KEY=obj%2009046569,"Trabener Straße 1
",Villa Stoltzenberg mit Nebengebäude und Vorgarteneinfriedung,1899 von Ludwig Otte,52.487899,13.263915,""
09046571,http://www.stadtentwicklung.berlin.de/cgi-bin/hidaweb/getdoc.pl?DOK_TPL=lda_doc.tpl&KEY=obj%2009046571,"Trabener Straße 3
",Villa,1896–97 von Joseph Bislich,52.488211,13.264326,""
09046572,http://www.stadtentwicklung.berlin.de/cgi-bin/hidaweb/getdoc.pl?DOK_TPL=lda_doc.tpl&KEY=obj%2009046572,"Trabener Straße 5/7
",Haus Borstell,1924–25 von Carl Mauve,52.488342,13.264767,""
09046574,http://www.stadtentwicklung.berlin.de/cgi-bin/hidaweb/getdoc.pl?DOK_TPL=lda_doc.tpl&KEY=obj%2009046574,"Trabener Straße 24
",Landhaus Presber,1907–08 von Emilie Winkelmann,52.489278,13.26863_,""
09046575,http://www.stadtentwicklung.berlin.de/cgi-bin/hidaweb/getdoc.pl?DOK_TPL=lda_doc.tpl&KEY=obj%2009046575,"Waldmeisterstraße 9
",Einfamilienhaus,1936–37 von G. A. Jonatha,52.47536_,13.275692_,""
09046577,http://www.stadtentwicklung.berlin.de/cgi-bin/hidaweb/getdoc.pl?DOK_TPL=lda_doc.tpl&KEY=obj%2009046577,"Wallotstraße 10
",Mietvilla,1901–02 von Ewald Becher (siehe Ensemble Wallotstraße 10/12),52.49181_,13.278674_,""
09046578,http://www.stadtentwicklung.berlin.de/cgi-bin/hidaweb/getdoc.pl?DOK_TPL=lda_doc.tpl&KEY=obj%2009046578,"Wallotstraße 12
Koenigsallee 17–17A
",Mietvilla,1901–02 von Ewald Becher (siehe Ensemble Wallotstraße 10/12 und Gartendenkmal Wallotstraße 12),52.491629,13.278316,""
09046579,http://www.stadtentwicklung.berlin.de/cgi-bin/hidaweb/getdoc.pl?DOK_TPL=lda_doc.tpl&KEY=obj%2009046579,"Wallotstraße 17B/19
",Villa,1910–11 von Ludwig Otte (siehe Gartendenkmal Wallotstraße 17B/19),52.491496,13.27631_,""
09046580,http://www.stadtentwicklung.berlin.de/cgi-bin/hidaweb/getdoc.pl?DOK_TPL=lda_doc.tpl&KEY=obj%2009046580,"Wangenheimstraße 23
",Landhaus,1895–96 von Ludwig Dihm,52.490722,13.287942,""
09046581,http://www.stadtentwicklung.berlin.de/cgi-bin/hidaweb/getdoc.pl?DOK_TPL=lda_doc.tpl&KEY=obj%2009046581,"Wangenheimstraße 37/39
",Villa Hoffmann,1906–08 von Ludwig Otte (siehe Gartendenkmal Wangenheimstraße 37/39),52.488568,13.287721,""
09046584,http://www.stadtentwicklung.berlin.de/cgi-bin/hidaweb/getdoc.pl?DOK_TPL=lda_doc.tpl&KEY=obj%2009046584,"Wernerstraße 1/3
",Feuerwache Grunewald,um 1895 von Franz Ahrens,52.484054,13.273555,""
09046585,http://www.stadtentwicklung.berlin.de/cgi-bin/hidaweb/getdoc.pl?DOK_TPL=lda_doc.tpl&KEY=obj%2009046585,"Wernerstraße 10/12
",Villa Kemmann,1896–97 von Wilhelm Walther,52.48282_,13.274151_,""
09046586,http://www.stadtentwicklung.berlin.de/cgi-bin/hidaweb/getdoc.pl?DOK_TPL=lda_doc.tpl&KEY=obj%2009046586,"Wernerstraße 17
",Landhaus,1907–08 von Hermann Solf,52.482302,13.273257,""
09046587,http://www.stadtentwicklung.berlin.de/cgi-bin/hidaweb/getdoc.pl?DOK_TPL=lda_doc.tpl&KEY=obj%2009046587,"Wildpfad 5
",Landhaus,1921–22 von Paul Zucker,52.477152,13.274916,""
09046588,http://www.stadtentwicklung.berlin.de/cgi-bin/hidaweb/getdoc.pl?DOK_TPL=lda_doc.tpl&KEY=obj%2009046588,"Wildpfad 6
",Bungalow,1959–60 von Peter Postel,52.477689,13.274718,""
09046589,http://www.stadtentwicklung.berlin.de/cgi-bin/hidaweb/getdoc.pl?DOK_TPL=lda_doc.tpl&KEY=obj%2009046589,"Wildpfad 7
",Landhaus Peltzer,1929–30 von Co Brandes,52.476938,13.27459_,""
09046590,http://www.stadtentwicklung.berlin.de/cgi-bin/hidaweb/getdoc.pl?DOK_TPL=lda_doc.tpl&KEY=obj%2009046590,"Winkler Straße 2
Wissmannstraße 18
",Landhaus,1921 von Paul Zucker,52.48927_,13.271414_,""
09046591,http://www.stadtentwicklung.berlin.de/cgi-bin/hidaweb/getdoc.pl?DOK_TPL=lda_doc.tpl&KEY=obj%2009046591,"Winkler Straße 7
",Villa,1905 von Ewald Becher,52.489091,13.269417,""
09046592,http://www.stadtentwicklung.berlin.de/cgi-bin/hidaweb/getdoc.pl?DOK_TPL=lda_doc.tpl&KEY=obj%2009046592,"Winkler Straße 10
",Villa Noelle,1901–02 von Solf & Wichards,52.488085,13.268991,""
09046593,http://www.stadtentwicklung.berlin.de/cgi-bin/hidaweb/getdoc.pl?DOK_TPL=lda_doc.tpl&KEY=obj%2009046593,"Winkler Straße 11
",Landhaus Bernhard,1905–06 von Hermann Muthesius (siehe Gartendenkmal Winkler Straße 11),52.488763,13.268811,""
09046594,http://www.stadtentwicklung.berlin.de/cgi-bin/hidaweb/getdoc.pl?DOK_TPL=lda_doc.tpl&KEY=obj%2009046594,"Winkler Straße 12
",Villa Maren,"1896–97 von E. Heimann, Zaar & Vahl (?)",52.487903,13.268556,""
09046595,http://www.stadtentwicklung.berlin.de/cgi-bin/hidaweb/getdoc.pl?DOK_TPL=lda_doc.tpl&KEY=obj%2009046595,"Winkler Straße 13
",Landhaus,1895–96 von Cornelius & Jaehn,52.488559,13.268515,""
09046596,http://www.stadtentwicklung.berlin.de/cgi-bin/hidaweb/getdoc.pl?DOK_TPL=lda_doc.tpl&KEY=obj%2009046596,"Winkler Straße 15
",Villa Becher,1895–96 von Ewald Becher,52.488475,13.268054,""
09046597,http://www.stadtentwicklung.berlin.de/cgi-bin/hidaweb/getdoc.pl?DOK_TPL=lda_doc.tpl&KEY=obj%2009046597,"Wissmannstraße 10
",Landhaus,1899 von Richard Gerstenberg,52.489667,13.273853,""
09046598,http://www.stadtentwicklung.berlin.de/cgi-bin/hidaweb/getdoc.pl?DOK_TPL=lda_doc.tpl&KEY=obj%2009046598,"Wissmannstraße 11A
",Villa,1891–92 von Wilhelm Walther,52.489603,13.272483,""
09046599,http://www.stadtentwicklung.berlin.de/cgi-bin/hidaweb/getdoc.pl?DOK_TPL=lda_doc.tpl&KEY=obj%2009046599,"Wissmannstraße 12
",Villa,"1898 von Zaar & Vahl, 1903 von W. Bröker",52.489505,13.273475,""
09010181,http://www.stadtentwicklung.berlin.de/cgi-bin/hidaweb/getdoc.pl?DOK_TPL=lda_doc.tpl&KEY=obj%2009010181,"Wissmannstraße 12A
",Eternit-Gästehaus,"Zweifamilienwohnhaus, 1955–56 von Paul G. R. Baumgarten",52.489336,13.273184,""
09046600,http://www.stadtentwicklung.berlin.de/cgi-bin/hidaweb/getdoc.pl?DOK_TPL=lda_doc.tpl&KEY=obj%2009046600,"Wissmannstraße 15
",Villa,1891–92 von Otto Stahn,52.489589,13.272107,""
09046116,http://www.stadtentwicklung.berlin.de/cgi-bin/hidaweb/getdoc.pl?DOK_TPL=lda_doc.tpl&KEY=obj%2009046116,"Delbrückstraße 29
",Hausgarten,1941 von Herta Hammerbacher (siehe Baudenkmal Delbrückstraße 29),52.484128,13.28035_,""
09046117,http://www.stadtentwicklung.berlin.de/cgi-bin/hidaweb/getdoc.pl?DOK_TPL=lda_doc.tpl&KEY=obj%2009046117,"Douglasstraße 7/9
",Villengarten,1911–12 von Adolf Wollenberg (?) (siehe Baudenkmal Douglasstraße 7/9),52.484363,13.263183,""
09046118,http://www.stadtentwicklung.berlin.de/cgi-bin/hidaweb/getdoc.pl?DOK_TPL=lda_doc.tpl&KEY=obj%2009046118,"Erbacher Straße 1–1B/3
",Gartenanlage der Villa Dernburg,1901,52.492997,13.276216,""
09046119,http://www.stadtentwicklung.berlin.de/cgi-bin/hidaweb/getdoc.pl?DOK_TPL=lda_doc.tpl&KEY=obj%2009046119,"Gottfried-von Cramm-Weg 33/37
",Villengarten,"1922–23 von der Firma Ludwig Späth, Abteilung für Park- und Gartengestaltung (siehe Baudenkmal Gottfried-von-Cramm-Weg 33/37)",52.483568,13.260134,""
09046120,http://www.stadtentwicklung.berlin.de/cgi-bin/hidaweb/getdoc.pl?DOK_TPL=lda_doc.tpl&KEY=obj%2009046120,"Griegstraße 5/7
",Villengarten,um 1927 vom Gartenbaubetrieb Richard W. Köhler (siehe Baudenkmal Griegstraße 5/7),52.480044,13.266804,""
09046121,http://www.stadtentwicklung.berlin.de/cgi-bin/hidaweb/getdoc.pl?DOK_TPL=lda_doc.tpl&KEY=obj%2009046121,"Griegstraße 31
",Hausgarten,1933 (siehe Baudenkmal Griegstraße 31),52.478105,13.271262,""
09046125,http://www.stadtentwicklung.berlin.de/cgi-bin/hidaweb/getdoc.pl?DOK_TPL=lda_doc.tpl&KEY=obj%2009046125,"Johannaplatz
",Stadtplatz,1896 vom Königlichen Garteninspektor Röhr,52.489969,13.281696,""
09046126,http://www.stadtentwicklung.berlin.de/cgi-bin/hidaweb/getdoc.pl?DOK_TPL=lda_doc.tpl&KEY=obj%2009046126,"Koenigsallee 17B/19
",Hausgarten,"1921–22 von der Firma Ludwig Späth, Abteilung für Park- und Gartengestaltung, Veränderungen um 1927 von der Firma Späth (?) (siehe Baudenkmal Koenigsallee 17B/19)",52.490845,13.278354,""
09046127,http://www.stadtentwicklung.berlin.de/cgi-bin/hidaweb/getdoc.pl?DOK_TPL=lda_doc.tpl&KEY=obj%2009046127,"Koenigsallee 20–20A
Delbrückstraße 2
",Villengarten,um 1912 von Wilhelm Walther (?) (siehe Baudenkmal Koenigsallee 20–20A),52.487813,13.274759,""
09046128,http://www.stadtentwicklung.berlin.de/cgi-bin/hidaweb/getdoc.pl?DOK_TPL=lda_doc.tpl&KEY=obj%2009046128,"Koenigsallee 41
",Landhausvorgarten,um 1910 von Max Vogeler (?),52.485957,13.269492,""
09046129,http://www.stadtentwicklung.berlin.de/cgi-bin/hidaweb/getdoc.pl?DOK_TPL=lda_doc.tpl&KEY=obj%2009046129,"Koenigsallee 47–47A
",Landhausgarten,um 1906–07 von Max Ravoth (?) (siehe Baudenkmal Koenigsallee 47),52.485523,13.268123,""
09046130,http://www.stadtentwicklung.berlin.de/cgi-bin/hidaweb/getdoc.pl?DOK_TPL=lda_doc.tpl&KEY=obj%2009046130,"Koenigsallee 65
",Vorgarten,1910 von Carl Kempkes (siehe Baudenkmal Koenigsallee 65),52.482449,13.262539,""
09046131,http://www.stadtentwicklung.berlin.de/cgi-bin/hidaweb/getdoc.pl?DOK_TPL=lda_doc.tpl&KEY=obj%2009046131,"Kronberger Straße 7/9
Hubertusbader Straße 28 Reuterpfad 2/4
",Landhausgarten,um 1913–14 (siehe Baudenkmal Kronberger Straße 7/9),52.479417,13.277959,""
09046133,http://www.stadtentwicklung.berlin.de/cgi-bin/hidaweb/getdoc.pl?DOK_TPL=lda_doc.tpl&KEY=obj%2009046133,"Lassenstraße 11/15
",Villengarten,um 1898 (siehe Baudenkmal Lassenstraße 11/15),52.48499_,13.27545_E,""
09046134,http://www.stadtentwicklung.berlin.de/cgi-bin/hidaweb/getdoc.pl?DOK_TPL=lda_doc.tpl&KEY=obj%2009046134,"Margaretenstraße 10
",Villengarten,"1896–97 (siehe Ensemble Margaretenstraße 5, 10 und Baudenkmal Margaretenstraße 10)",52.495066,13.282995,""
09046142,http://www.stadtentwicklung.berlin.de/cgi-bin/hidaweb/getdoc.pl?DOK_TPL=lda_doc.tpl&KEY=obj%2009046142,"Waldmeisterstraße 10/20
",Tennisanlage,"um 1925 von Paul Karchow und Georg Demmler unter Mitwirkung der Firma Ludwig Späth, Abteilung für Sport- und Spielplatzbau (siehe Gesamtanlage Waldmeisterstraße 10/20)",52.475935,13.273208,""
09046143,http://www.stadtentwicklung.berlin.de/cgi-bin/hidaweb/getdoc.pl?DOK_TPL=lda_doc.tpl&KEY=obj%2009046143,"Wallotstraße 12
Koenigsallee 17–17A
",Villengarten,um 1923 (siehe Ensemble Wallotstraße 10/12 und Baudenkmal Wallotstraße 12),52.491373,13.278738,""
09046144,http://www.stadtentwicklung.berlin.de/cgi-bin/hidaweb/getdoc.pl?DOK_TPL=lda_doc.tpl&KEY=obj%2009046144,"Wallotstraße 17B/19
",Villengarten,1910 (siehe Baudenkmal Wallotstraße 17B/19),52.491667,13.276533,""
09046145,http://www.stadtentwicklung.berlin.de/cgi-bin/hidaweb/getdoc.pl?DOK_TPL=lda_doc.tpl&KEY=obj%2009046145,"Wangenheimstraße 37/39
",Villengarten,um 1907 von Hans Hallervorden (siehe Baudenkmal Wangenheimstraße 37/39),52.488627,13.287604,""
09046147,http://www.stadtentwicklung.berlin.de/cgi-bin/hidaweb/getdoc.pl?DOK_TPL=lda_doc.tpl&KEY=obj%2009046147,"Wildpfad 26
",Hausgarten,1937 von Georg Béla Pniower,52.477628,13.270566,""
09046148,http://www.stadtentwicklung.berlin.de/cgi-bin/hidaweb/getdoc.pl?DOK_TPL=lda_doc.tpl&KEY=obj%2009046148,"Winkler Straße 11
",Landhausvorgarten,"1905–06 von Hermann Muthesius, wiederhergestellt 1989 (siehe Baudenkmal Winkler Straße 11)",52.488709,13.268882,""
unbekannt,http://www.stadtentwicklung.berlin.de/cgi-bin/hidaweb/getdoc.pl?DOK_TPL=lda_doc.tpl&KEY=obj%20unbekannt,"Gustav-Freytag-Straße 9
",Hausgarten,1923–24 von Berthold Bleier (siehe Baudenkmal Gustav-Freytag-Straße 9); ehemaliges Gartendenkmal,52.482969,13.260864,""
unbekannt,http://www.stadtentwicklung.berlin.de/cgi-bin/hidaweb/getdoc.pl?DOK_TPL=lda_doc.tpl&KEY=obj%20unbekannt,"Gustav-Freytag-Straße 11
",Hausgarten,192o von Berthold Bleier; ehemaliges Gartendenkmal,52.482793,13.261074,""
